Accuracy,Precision,Recall,F1_Score,RoC_AuC,Modelo,Método LR,Método SigAPI,Método RFG,Método SigPID,Método JOWMDroid,Dataset,Combinação
95.24748232269124,71.71646977067408,36.29968343299332,48.201774871555344,67.68551607248726,SVM,0,1,0,1,1,sigpid_sigapi_jowmdroid,SigAPI + SigPID + JOWMDroid
96.14741804156846,74.40448388603457,56.032360182905386,63.92455858747994,77.39099470344986,SVM,0,0,1,1,0,sigpid_rfg,RFG + SigPID
95.2067709449325,69.52319587628865,37.95286669011608,49.10125142207053,68.43681165066874,SVM,1,1,0,0,1,lr_sigapi_jowmdroid,LR + SigAPI + JOWMDroid
95.08892221984144,67.16510903426791,37.9176925782624,48.47122302158273,68.35761873534018,SVM,1,1,0,0,0,lr_sigapi,LR + SigAPI
95.98885793871868,71.15468409586056,57.4393246570524,63.56558972362786,77.96442012623082,SVM,1,0,1,0,0,lr_rfg,LR + RFG
96.15598885793872,74.45221445221445,56.17305663032008,64.0336808340016,77.4613429271572,SVM,0,0,1,1,1,sigpid_rfg_jowmdroid,RFG + SigPID + JOWMDroid
96.01885579601456,71.5724923346474,57.47449876890609,63.75341396800624,77.996838222384,SVM,1,0,1,0,1,lr_rfg_jowmdroid,LR + RFG + JOWMDroid
95.41675594600386,72.42038216560509,39.99296517762927,51.52957171991842,69.50249486435254,SVM,0,1,0,1,0,sigpid_sigapi,SigAPI + SigPID
95.73816155988858,76.78795483061481,43.05311290889905,55.172413793103445,71.10444223262277,RF,0,1,0,1,1,sigpid_sigapi_jowmdroid,SigAPI + SigPID + JOWMDroid
97.7715877437326,85.42239685658153,76.46851916989095,80.69784706755753,87.81100451387057,RF,0,0,1,1,1,sigpid_rfg_jowmdroid,RFG + SigPID + JOWMDroid
97.66230983501178,83.87470997679814,76.29264861062258,79.90421808804568,87.67059016882008,RF,1,0,1,0,0,lr_rfg,LR + RFG
97.75658881508464,85.05074160811866,76.64438972915933,80.62904717853839,87.8852496025266,RF,1,0,1,0,1,lr_rfg_jowmdroid,LR + RFG + JOWMDroid
95.8281551317763,74.42748091603053,48.01266268026732,58.370750481077614,73.47127304273707,RF,1,1,0,0,1,lr_sigapi_jowmdroid,LR + SigAPI + JOWMDroid
95.60317120205698,71.74271577789995,45.90221596904679,55.984555984556,72.3647114709587,RF,1,1,0,0,0,lr_sigapi,LR + SigAPI
97.66445253910436,83.95970554048819,76.22230038691524,79.90412979351032,87.63883860471094,RF,0,0,1,1,0,sigpid_rfg,RFG + SigPID
95.51317763016928,72.96137339055794,41.85719310587408,53.19624497094322,70.4254820344895,RF,0,1,0,1,0,sigpid_sigapi,SigAPI + SigPID
97.53923915935088,97.9490022172949,95.34172661870504,96.62777980313524,97.08517314472608,SVM,0,1,0,0,1,lr_sigapi_jowmdroid,LR + SigAPI + JOWMDroid
96.66134610268688,97.07743857036486,93.794964028777,95.40797658251006,96.06907340316012,SVM,0,0,1,0,0,lr_rfg,LR + RFG
98.0047885075818,98.45246868091378,96.11510791366906,97.26974881689114,97.61432896738752,SVM,0,1,0,1,1,sigpid_sigapi_jowmdroid,SigAPI + SigPID + JOWMDroid
97.512636339452,98.3227730152814,94.89208633093526,96.57697235950944,96.97115924820297,SVM,0,0,1,1,0,sigpid_rfg,RFG + SigPID
96.8874700718276,97.28826151560176,94.20863309352518,95.72368421052632,96.3339493031999,SVM,0,0,1,0,1,lr_rfg_jowmdroid,LR + RFG + JOWMDroid
97.69220537376962,98.45696226064324,95.25179856115108,96.82786360727673,97.18795077909812,SVM,0,0,1,1,1,sigpid_rfg_jowmdroid,RFG + SigPID + JOWMDroid
97.26656025538706,97.7732417888291,94.7661870503597,96.2462325326514,96.74991496882696,SVM,0,1,0,0,0,lr_sigapi,LR + SigAPI
97.94493216280928,98.37847798046802,96.0251798561151,97.18758532811503,97.5482589867321,SVM,0,1,0,1,0,sigpid_sigapi,SigAPI + SigPID
99.3149773876031,99.42039485600436,98.72302158273382,99.07048100351956,99.19266317633948,RF,0,1,0,1,1,sigpid_sigapi_jowmdroid,SigAPI + SigPID + JOWMDroid
99.35488161745144,99.40314704286487,98.84892086330936,99.12525926593922,99.25033632865762,RF,0,0,1,1,1,sigpid_rfg_jowmdroid,RFG + SigPID + JOWMDroid
98.32402234636872,99.18458117123797,96.2589928057554,97.6998904709748,97.89733093221496,RF,0,1,0,0,0,lr_sigapi,LR + SigAPI
98.57674913540836,99.11797133406836,97.01438848920864,98.05489910925286,98.25392282206316,RF,0,1,0,0,1,lr_sigapi_jowmdroid,LR + SigAPI + JOWMDroid
98.35727587124236,98.66275874702326,96.87050359712232,97.75841727924494,98.0500681767798,RF,0,0,1,0,0,lr_rfg,LR + RFG
98.7829209896249,98.97977773729276,97.7158273381295,98.34374151506924,98.56243034276672,RF,0,0,1,0,1,lr_rfg_jowmdroid,LR + RFG + JOWMDroid
99.33492950252727,99.49238578680205,98.70503597122304,99.09714698447092,99.20477632246252,RF,0,0,1,1,0,sigpid_rfg,RFG + SigPID
99.28837456770415,99.49174078780176,98.57913669064747,99.0333363447466,99.14182668217474,RF,0,1,0,1,0,sigpid_sigapi,SigAPI + SigPID
95.87313401976594,95.89895988112929,63.46116027531957,76.37869822485207,81.57115683413168,SVM,0,1,0,1,1,sigpid_sigapi_jowmdroid,SigAPI + SigPID + JOWMDroid
97.70499937972956,94.97623896809232,82.53687315634218,88.32070707070706,91.01197300293023,SVM,0,0,1,1,0,sigpid_rfg,RFG + SigPID
95.87210023570276,95.87108272686766,63.47099311701082,76.37697450156779,81.57491801364739,SVM,1,1,0,0,1,lr_sigapi_jowmdroid,LR + SigAPI + JOWMDroid
95.87210023570276,95.87108272686766,63.47099311701082,76.37697450156779,81.57491801364739,SVM,1,1,0,0,0,lr_sigapi,LR + SigAPI
97.71430343629822,95.02206131915376,82.58603736479843,88.36866747330212,91.03886558981816,SVM,1,0,1,0,0,lr_rfg,LR + RFG
97.69776289128728,95.13581088760088,82.31071779744346,88.25979229268806,90.90813725412016,SVM,0,0,1,1,1,sigpid_rfg_jowmdroid,RFG + SigPID + JOWMDroid
97.70189802754,94.98471640439264,82.49754178957718,88.30184707677735,90.99288494021268,SVM,1,0,1,0,1,lr_rfg_jowmdroid,LR + RFG + JOWMDroid
95.87210023570276,95.88471252414202,63.46116027531957,76.37417904266019,81.57057921346671,SVM,0,1,0,1,0,sigpid_sigapi,SigAPI + SigPID
95.87313401976594,95.8853238265003,63.47099311701082,76.38149331440066,81.57549563431233,RF,0,1,0,1,1,sigpid_sigapi_jowmdroid,SigAPI + SigPID + JOWMDroid
98.01926973493777,94.53917548025038,86.13569321533923,90.1420045276806,92.77557055120144,RF,0,0,1,1,1,sigpid_rfg_jowmdroid,RFG + SigPID + JOWMDroid
97.91382376049292,94.400871459695,85.21140609636186,89.57105943152456,92.30880602639306,RF,1,0,1,0,0,lr_rfg,LR + RFG
97.95724269114667,94.6490845684394,85.39823008849558,89.78600227437198,92.41550329775394,RF,1,0,1,0,1,lr_rfg_jowmdroid,LR + RFG + JOWMDroid
95.87210023570276,95.88471252414202,63.46116027531957,76.37417904266019,81.57057921346671,RF,1,1,0,0,1,lr_sigapi_jowmdroid,LR + SigAPI + JOWMDroid
95.87210023570276,95.87108272686766,63.47099311701082,76.37697450156779,81.57491801364739,RF,1,1,0,0,0,lr_sigapi,LR + SigAPI
97.96551296365216,94.25857975393912,85.88003933136676,89.87445976538382,92.6327254719263,RF,0,0,1,1,0,sigpid_rfg,RFG + SigPID
95.87210023570276,95.87108272686766,63.47099311701082,76.37697450156779,81.57491801364739,RF,0,1,0,1,0,sigpid_sigapi,SigAPI + SigPID
97.7990737294794,95.5787325700034,82.9006882989184,88.78942657048076,91.225072090126,SVM,0,0,0,0,0,androcrawl_api_calls,ORIGINAL
89.48848364553612,100.0,0.0196656833824975,0.0393236335037357,50.00983284169125,SVM,0,0,0,0,0,androcrawl_intents,ORIGINAL
97.93759563568624,98.62785091785648,95.75157515751576,97.16843259042749,97.48532746900692,SVM,0,0,0,0,0,drebin_215_api_calls_limpo,ORIGINAL
67.6443202979516,55.066336200612334,67.93165467625899,60.82615347451485,67.70369141579938,SVM,0,0,0,0,0,drebin_215_commands,ORIGINAL
94.5125348189415,68.75,18.18501582835033,28.762169680111267,58.824408340852784,SVM,0,0,0,0,0,motodroid_intents,ORIGINAL
96.479537175916,79.26829268292683,57.157931762223,66.42141835274883,78.09410495063486,SVM,0,0,0,0,0,motodroid_all,ORIGINAL
98.67606945645666,99.13761467889908,97.26372637263728,98.19173103134938,98.38386825174707,SVM,0,0,0,0,0,drebin_215_all,ORIGINAL
95.97171630597816,90.15846538782318,38.02321491382343,53.48837209302326,68.87698724562642,SVM,0,0,0,0,0,motodroid_permissions,ORIGINAL
95.99957145918148,71.16218560277538,57.72071755188182,63.74053214216353,78.10169402590098,SVM,0,0,0,0,0,motodroid_api_calls,ORIGINAL
79.21654695397712,75.61540079949506,64.64028776978418,69.69843886357026,76.20469432811707,SVM,0,0,0,0,0,drebin_215_intents,ORIGINAL
95.62383612662944,97.9835552075176,90.01798561151078,93.83202099737532,94.46551454488582,SVM,0,0,0,0,0,drebin_215_permissions,ORIGINAL
89.51846338336848,58.03108808290155,1.1012782694198622,2.161536234681077,50.50385186084843,SVM,0,0,0,0,0,androcrawl_permissions,ORIGINAL
97.78563453665798,96.42609299097847,81.976401179941,88.61607142857143,90.80971580449882,SVM,0,0,0,0,0,androcrawl_all,ORIGINAL
89.48848364553612,75.0,0.0294985250737463,0.0589738549243168,50.01417164187192,RF,0,0,0,0,0,androcrawl_intents,ORIGINAL
98.06889136997064,95.02169197396964,86.14552605703048,90.36616812790098,92.80763514330002,RF,0,0,0,0,0,androcrawl_api_calls,ORIGINAL
99.35466702148892,99.70856102003644,98.54185418541854,99.1217745586238,99.18650328519556,RF,0,0,0,0,0,drebin_215_api_calls_limpo,ORIGINAL
98.0313913274807,98.81305637982196,95.8273381294964,97.2972972972973,97.57597383469331,RF,0,0,0,0,0,drebin_215_permissions,ORIGINAL
98.64470909316462,96.7987321711569,90.08849557522124,93.32314744079451,94.86922872612868,RF,0,0,0,0,0,androcrawl_all,ORIGINAL
67.6443202979516,55.066336200612334,67.93165467625899,60.82615347451485,67.70369141579938,RF,0,0,0,0,0,drebin_215_commands,ORIGINAL
97.55303192629098,98.46153846153848,60.7808652831516,75.16311439756417,80.35962971187493,RF,0,0,0,0,0,motodroid_permissions,ORIGINAL
99.92016499234914,100.0,99.78397839783976,99.89187240944317,99.89198919891987,RF,0,0,0,0,0,drebin_215_all,ORIGINAL
89.58669313153868,66.44067796610169,1.9272369714847597,3.745819397993312,50.90643403991165,RF,0,0,0,0,0,androcrawl_permissions,ORIGINAL
94.6539532890508,69.63882618510158,21.702427013717905,33.09198176454814,60.54432505909843,RF,0,0,0,0,0,motodroid_intents,ORIGINAL
79.24980047885076,75.63025210084034,64.74820143884892,69.76744186046511,76.25337467467985,RF,0,0,0,0,0,drebin_215_intents,ORIGINAL
98.7143775444611,96.59326963024512,81.77981005979599,88.57142857142857,90.7963553915472,RF,0,0,0,0,0,motodroid_all,ORIGINAL
97.4908935076066,81.71471927162366,75.76503693281744,78.62748676765833,87.3326291287858,RF,0,0,0,0,0,motodroid_api_calls,ORIGINAL
95.97385901007073,90.09983361064891,38.09356313753078,53.54758961681089,68.91102050823193,SVM,0,0,1,0,0,top_1201_features_with_f_classif_motodroid_permissions,RFG
97.5519993383782,95.74343339587244,80.28515240904622,87.33554390843939,89.93289990314375,SVM,0,0,1,0,0,top_31_features_with_chi2_androcrawl_all,RFG
98.22367107976848,99.12671869193608,96.03960396039604,97.55874554265336,97.77180704562647,SVM,0,0,1,0,0,top_101_features_with_f_classif_drebin_215_all,RFG
95.14498536844906,98.12674372259865,88.56115107913669,93.09888447721686,93.78458567042524,SVM,0,0,1,0,0,top_101_features_with_f_classif_drebin_215_permissions,RFG
89.50709175867345,55.376344086021504,1.012782694198623,1.989185013518733,50.45844883190789,SVM,0,0,1,0,0,top_41_features_with_chi2_androcrawl_permissions,RFG
94.51039211484894,68.70838881491345,18.14984171649666,28.71452420701168,58.80682128492594,SVM,0,0,1,0,0,top_201_features_with_chi2_motodroid_intents,RFG
79.17664272412875,75.55228276877762,64.5863309352518,69.6402598661883,76.16188644694208,SVM,0,0,1,0,0,top_21_features_with_f_classif_drebin_215_intents,RFG
95.9802871223484,71.04919460165434,57.40415054519873,63.501945525291816,77.94341052255943,SVM,0,0,1,0,0,top_1401_features_with_chi2_motodroid_api_calls,RFG
96.48382258410112,79.345703125,57.157931762223,66.44857902269474,78.09638664913122,SVM,0,0,1,0,0,top_3001_features_with_chi2_motodroid_all,RFG
97.71430343629822,95.02206131915376,82.58603736479843,88.36866747330212,91.03886558981816,SVM,0,0,1,0,0,top_21_features_with_f_classif_androcrawl_api_calls,RFG
89.48848364553612,100.0,0.0196656833824975,0.0393236335037357,50.00983284169125,SVM,0,0,1,0,0,top_7_features_with_f_classif_androcrawl_intents,RFG
92.24935134056284,93.37944664031622,85.05850585058505,89.02496467263306,90.76162945547404,SVM,0,0,1,0,0,top_21_features_with_f_classif_drebin_215_api_calls_limpo,RFG
89.48848364553612,100.0,0.0196656833824975,0.0393236335037357,50.00983284169125,SVM,0,0,1,0,0,top_7_features_with_chi2_androcrawl_intents,RFG
98.71652024855368,96.59468438538204,81.81498417164967,88.59264901923443,90.81394244747403,RF,0,0,1,0,0,top_3001_features_with_chi2_motodroid_all,RFG
89.5649836662118,63.57142857142857,1.750245821042281,3.406698564593301,50.81620560269554,RF,0,0,1,0,0,top_41_features_with_chi2_androcrawl_permissions,RFG
89.48848364553612,100.0,0.0196656833824975,0.0393236335037357,50.00983284169125,RF,0,0,1,0,0,top_7_features_with_chi2_androcrawl_intents,RFG
94.0655977646198,95.0705586700174,88.53285328532853,91.68530947054435,92.92092221041436,RF,0,0,1,0,0,top_21_features_with_f_classif_drebin_215_api_calls_limpo,RFG
97.91382376049292,94.39120017425398,85.2212389380531,89.5721372467962,92.31314482657376,RF,0,0,1,0,0,top_21_features_with_f_classif_androcrawl_api_calls,RFG
89.48848364553612,100.0,0.0196656833824975,0.0393236335037357,50.00983284169125,RF,0,0,1,0,0,top_7_features_with_f_classif_androcrawl_intents,RFG
99.67400705209234,99.89126495106925,99.22592259225922,99.5574821638219,99.58130236831198,RF,0,0,1,0,0,top_101_features_with_f_classif_drebin_215_all,RFG
79.2098962490024,75.5672268907563,64.69424460431654,69.70930232558139,76.21056679350482,RF,0,0,1,0,0,top_21_features_with_f_classif_drebin_215_intents,RFG
97.16014897579144,97.90927758073548,94.33453237410072,96.08866904827332,96.57629953445432,RF,0,0,1,0,0,top_101_features_with_f_classif_drebin_215_permissions,RFG
98.18467518504734,96.06876916338152,86.26352015732547,90.90249715055435,92.9243942599432,RF,0,0,1,0,0,top_31_features_with_chi2_androcrawl_all,RFG
97.54874651810584,98.57061177815896,60.640168835736894,75.08710801393728,80.29156318666394,RF,0,0,1,0,0,top_1201_features_with_f_classif_motodroid_permissions,RFG
97.4908935076066,81.73880030372058,75.72986282096377,78.61968230783275,87.31618292210715,RF,0,0,1,0,0,top_1401_features_with_chi2_motodroid_api_calls,RFG
94.6410970644954,69.52054794520548,21.4210341188885,32.750739446087664,60.4059103101801,RF,0,0,1,0,0,top_201_features_with_chi2_motodroid_intents,RFG
95.12341161599362,94.07678244972578,92.63726372637264,93.3514739229025,94.60904976103352,SVM,0,1,0,0,0,resultado-selecao-drebin_215_api_calls_limpo,SigAPI
89.48641607740974,0.0,0.0,0.0,50.0,SVM,0,1,0,0,0,resultado-selecao-androcrawl_intents,SigAPI
73.4902899707369,64.07871198568873,64.42446043165468,64.25112107623318,71.6170423728556,SVM,0,1,0,0,0,resultado-selecao-drebin_215_intents,SigAPI
95.8710664516396,95.88410104011888,63.45132743362832,76.36686390532545,81.56566279262108,SVM,0,1,0,0,0,resultado-selecao-androcrawl_api_calls,SigAPI
93.40695895150024,92.19674556213018,89.75697569756976,90.96050351181246,92.65180992561054,SVM,0,1,0,0,0,resultado-selecao-drebin_215_all,SigAPI
97.11574246371418,96.26379137412236,75.49655850540806,84.62471068003968,87.57614829454687,SVM,0,1,0,0,0,resultado-selecao-androcrawl_all,SigAPI
89.48641607740974,0.0,0.0,0.0,50.0,SVM,0,1,0,0,0,resultado-selecao-androcrawl_permissions,SigAPI
89.68475658419793,96.0698689956332,75.17985611510791,84.35072142064372,86.68764861475108,SVM,0,1,0,0,0,resultado-selecao-drebin_215_permissions,SigAPI
94.02614098992927,53.35775335775336,15.37108688005628,23.866739486619338,57.24973902722324,SVM,0,1,0,0,0,resultado-selecao-motodroid_intents,SigAPI
89.79116786379356,96.36028564846808,75.23381294964028,84.4965155034845,86.78322137562218,RF,0,1,0,0,0,resultado-selecao-drebin_215_permissions,SigAPI
97.11677624777737,96.22948766128022,75.53588987217306,84.63614829504765,87.5940811159345,RF,0,1,0,0,0,resultado-selecao-androcrawl_all,SigAPI
89.48641607740974,0.0,0.0,0.0,50.0,RF,0,1,0,0,0,resultado-selecao-androcrawl_permissions,SigAPI
73.4902899707369,64.07871198568873,64.42446043165468,64.25112107623318,71.6170423728556,RF,0,1,0,0,0,resultado-selecao-drebin_215_intents,SigAPI
95.8710664516396,95.88410104011888,63.45132743362832,76.36686390532545,81.56566279262108,RF,0,1,0,0,0,resultado-selecao-androcrawl_api_calls,SigAPI
93.54001729758498,91.47665580890336,90.999099909991,91.23725295550943,93.0143241213104,RF,0,1,0,0,0,resultado-selecao-drebin_215_all,SigAPI
89.48641607740974,0.0,0.0,0.0,50.0,RF,0,1,0,0,0,resultado-selecao-androcrawl_intents,SigAPI
94.0304263981144,53.32555425904317,16.07456911712979,24.702702702702705,57.58094485929276,RF,0,1,0,0,0,resultado-selecao-motodroid_intents,SigAPI
95.74878584259196,94.8703906535232,93.55535553555356,94.20828423819452,95.29498464831708,RF,0,1,0,0,0,resultado-selecao-drebin_215_api_calls_limpo,SigAPI
99.99896621593682,0.0,0.0,0.0,50.0,SVM,1,0,0,0,0,linear-regression-androcrawl_permissions,LR
78.8171113033065,83.17631224764467,39.75981128029166,53.80150899593731,68.07145656607176,SVM,1,0,0,0,0,linear-regression-drebin_215_all,LR
97.18010109071562,91.9298245614035,58.09312638580931,71.19565217391305,78.88383501970529,SVM,1,0,0,0,0,linear-regression-drebin_215_intents,LR
98.8826815642458,62.68221574344023,84.31372549019608,71.90635451505017,91.7238744493129,SVM,1,0,0,0,0,linear-regression-drebin_215_commands,LR
79.4824030337303,72.76703111858704,74.70212398549472,73.72188139059304,78.59023948192485,SVM,1,0,0,0,0,linear-regression-drebin_215_api_calls_limpo,LR
93.06124136790308,50.40035587188611,16.835066864784547,25.23947427043885,57.79810275307404,SVM,1,0,0,0,0,linear-regression-androcrawl_all,LR
100.0,100.0,100.0,100.0,100.0,SVM,1,0,0,0,0,linear-regression-motodroid_api_calls,LR
99.707368981112,100.0,31.25,47.61904761904761,65.625,SVM,1,0,0,0,0,linear-regression-drebin_215_permissions,LR
100.0,100.0,100.0,100.0,100.0,SVM,1,0,0,0,0,linear-regression-motodroid_all,LR
100.0,100.0,100.0,100.0,100.0,SVM,1,0,0,0,0,linear-regression-motodroid_permissions,LR
93.06020758383988,50.3779457536683,16.835066864784547,25.23666332553736,57.797547209863886,SVM,1,0,0,0,0,linear-regression-androcrawl_api_calls,LR
100.0,100.0,100.0,100.0,100.0,SVM,1,0,0,0,0,linear-regression-motodroid_intents,LR
100.0,100.0,100.0,100.0,100.0,RF,1,0,0,0,0,linear-regression-motodroid_permissions,LR
100.0,100.0,100.0,100.0,100.0,RF,1,0,0,0,0,linear-regression-motodroid_all,LR
93.06020758383988,50.3779457536683,16.835066864784547,25.23666332553736,57.797547209863886,RF,1,0,0,0,0,linear-regression-androcrawl_api_calls,LR
100.0,100.0,100.0,100.0,100.0,RF,1,0,0,0,0,linear-regression-motodroid_intents,LR
93.06124136790308,50.40035587188611,16.835066864784547,25.23947427043885,57.79810275307404,RF,1,0,0,0,0,linear-regression-androcrawl_all,LR
99.99896621593682,0.0,0.0,0.0,50.0,RF,1,0,0,0,0,linear-regression-androcrawl_permissions,LR
100.0,100.0,100.0,100.0,100.0,RF,1,0,0,0,0,linear-regression-motodroid_api_calls,LR
98.8826815642458,62.68221574344023,84.31372549019608,71.90635451505017,91.7238744493129,RF,1,0,0,0,0,linear-regression-drebin_215_commands,LR
99.8802873104549,94.23076923076924,76.5625,84.48275862068965,88.27123129842373,RF,1,0,0,0,0,linear-regression-drebin_215_permissions,LR
97.18010109071562,91.9298245614035,58.09312638580931,71.19565217391305,78.88383501970529,RF,1,0,0,0,0,linear-regression-drebin_215_intents,LR
80.64666356197192,74.08893346706787,76.53255050941115,75.29091990146947,79.8788293672597,RF,1,0,0,0,0,linear-regression-drebin_215_api_calls_limpo,LR
79.51566762025149,80.62645011600928,44.71370362427622,57.52517588632915,69.94076384917514,RF,1,0,0,0,0,linear-regression-drebin_215_all,LR
95.55174630383544,86.41975308641975,32.008441786844884,46.71457905544148,65.84107945093265,SVM,0,0,0,0,1,selected-features-jowmdroid-motodroid_permissions,JOWMDroid
97.09610056651368,98.48504808325649,73.51032448377582,84.18444907381341,86.68873586541785,SVM,0,0,0,0,1,selected-features-jowmdroid-androcrawl_all,JOWMDroid
97.08989786213456,98.42001316655694,73.50049164208457,84.15423585702224,86.68093134124744,SVM,0,0,0,0,1,selected-features-jowmdroid-androcrawl_api_calls,JOWMDroid
88.52753391859537,94.74912485414237,73.02158273381295,82.47841543930929,85.3235815737448,SVM,0,0,0,0,1,selected-features-jowmdroid-drebin_215_permissions,JOWMDroid
89.4967539180416,52.80898876404494,0.9242871189773844,1.8167761886354847,50.41362342363232,SVM,0,0,0,0,1,selected-features-jowmdroid-androcrawl_permissions,JOWMDroid
96.54713591910053,97.68939393939394,92.85328532853283,95.20996769727736,95.78291113197432,SVM,0,0,0,0,1,selected-features-jowmdroid-drebin_215_all,JOWMDroid
95.81744161131348,73.68421052631578,48.75131902919451,58.67908552074513,73.81093913674799,SVM,0,0,0,0,1,selected-features-jowmdroid-motodroid_all,JOWMDroid
95.31604885365331,67.02954898911354,45.48012662680267,54.191114836546525,72.01448319155863,SVM,0,0,0,0,1,selected-features-jowmdroid-motodroid_api_calls,JOWMDroid
78.03937217345039,73.45243041130037,63.59712230215827,68.1704260651629,75.05520952592084,SVM,0,0,0,0,1,selected-features-jowmdroid-drebin_215_intents,JOWMDroid
89.48641607740974,0.0,0.0,0.0,50.0,SVM,0,0,0,0,1,selected-features-jowmdroid-androcrawl_intents,JOWMDroid
64.90422984836393,51.85136726416329,71.27697841726619,60.031810952056354,66.22101348047775,SVM,0,0,0,0,1,selected-features-jowmdroid-drebin_215_commands,JOWMDroid
93.95249817044774,94.4678407350689,88.83888388838884,91.56693570832174,92.89453692097788,SVM,0,0,0,0,1,selected-features-jowmdroid-drebin_215_api_calls_limpo,JOWMDroid
94.12041997000216,56.52173913043478,15.089693985226871,23.820099944475288,57.16836674071393,SVM,0,0,0,0,1,selected-features-jowmdroid-motodroid_intents,JOWMDroid
97.09610056651368,98.48504808325649,73.51032448377582,84.18444907381341,86.68873586541785,RF,0,0,0,0,1,selected-features-jowmdroid-androcrawl_all,JOWMDroid
64.90422984836393,51.85136726416329,71.27697841726619,60.031810952056354,66.22101348047775,RF,0,0,0,0,1,selected-features-jowmdroid-drebin_215_commands,JOWMDroid
96.3675071518861,98.13569094753028,91.91719171917192,94.92470719464583,95.44677652653404,RF,0,0,0,0,1,selected-features-jowmdroid-drebin_215_api_calls_limpo,JOWMDroid
89.52466608774759,58.07860262008734,1.3077679449360864,2.557938263294547,50.598432388632176,RF,0,0,0,0,1,selected-features-jowmdroid-androcrawl_permissions,JOWMDroid
78.03937217345039,73.45243041130037,63.59712230215827,68.1704260651629,75.05520952592084,RF,0,0,0,0,1,selected-features-jowmdroid-drebin_215_intents,JOWMDroid
94.12041997000216,56.38709677419354,15.37108688005628,24.156992813709238,57.29993639414318,RF,0,0,0,0,1,selected-features-jowmdroid-motodroid_intents,JOWMDroid
96.05742446968074,72.27898711683696,57.22827998593035,63.87907341970946,77.90225006210065,RF,0,0,0,0,1,selected-features-jowmdroid-motodroid_api_calls,JOWMDroid
88.6073423782921,96.07185628742516,72.14028776978417,82.40369799691834,85.20479985787648,RF,0,0,0,0,1,selected-features-jowmdroid-drebin_215_permissions,JOWMDroid
89.48641607740974,0.0,0.0,0.0,50.0,RF,0,0,0,0,1,selected-features-jowmdroid-androcrawl_intents,JOWMDroid
98.07370902078422,91.7167381974249,75.16707703130496,82.62130291900252,87.36335461075367,RF,0,0,0,0,1,selected-features-jowmdroid-motodroid_all,JOWMDroid
97.08989786213456,98.42001316655694,73.50049164208457,84.15423585702224,86.68093134124744,RF,0,0,0,0,1,selected-features-jowmdroid-androcrawl_api_calls,JOWMDroid
98.56962277958884,98.91901795529498,97.1917191719172,98.04776173613004,98.28454679575177,RF,0,0,0,0,1,selected-features-jowmdroid-drebin_215_all,JOWMDroid
97.124491107778,97.59036144578312,54.1329581428069,69.63800904977376,77.0231267999726,RF,0,0,0,0,1,selected-features-jowmdroid-motodroid_permissions,JOWMDroid
89.48744986147294,66.66666666666666,0.0196656833824975,0.0393197680133687,50.00925522102629,SVM,0,0,0,1,0,sigpid_androcrawl_permissions,SigPID
79.19659483905293,75.5677039529016,64.64028776978418,69.67816983326873,76.18886486420826,SVM,0,0,0,1,0,sigpid_drebin_215_intents,SigPID
96.81697886945376,95.14835094868204,73.47099311701082,82.9162736503357,86.51542308515683,SVM,0,0,0,1,0,sigpid_androcrawl_all,SigPID
94.69938813514231,97.48753738783648,87.931654676259,92.46335697399527,93.30098985395897,SVM,0,0,0,1,0,sigpid_drebin_215_permissions,SigPID
93.90829226483822,0.0,0.0,0.0,50.0,SVM,0,0,0,1,0,sigpid_motodroid_permissions,SigPID
93.90829226483822,0.0,0.0,0.0,50.0,SVM,0,0,0,1,0,sigpid_motodroid_all,SigPID
89.48744986147294,100.0,0.0098328416912487,0.0196637498771015,50.004916420845625,SVM,0,0,0,1,0,sigpid_androcrawl_intents,SigPID
67.6443202979516,55.066336200612334,67.93165467625899,60.82615347451485,67.70369141579938,SVM,0,0,0,1,0,sigpid_drebin_215_commands,SigPID
94.33836737409354,95.52845528455283,88.83888388838884,92.0623076205578,93.20057322321512,SVM,0,0,0,1,0,sigpid_drebin_215_all,SigPID
93.07431308628834,93.67260061919504,87.14671467146715,90.29189592464796,91.84794576967197,SVM,0,0,0,1,0,sigpid_drebin_215_api_calls_limpo,SigPID
93.90829226483822,0.0,0.0,0.0,50.0,SVM,0,0,0,1,0,sigpid_motodroid_api_calls,SigPID
96.840755902907,95.3467618561958,73.53982300884955,83.03541689796825,86.5590799617155,SVM,0,0,0,1,0,sigpid_androcrawl_api_calls,SigPID
93.91472037711593,56.52173913043478,0.4572634540977841,0.9071877180739708,50.217223234567086,SVM,0,0,0,1,0,sigpid_motodroid_intents,SigPID
93.90829226483822,0.0,0.0,0.0,50.0,RF,0,0,0,1,0,sigpid_motodroid_api_calls,SigPID
96.840755902907,95.3467618561958,73.53982300884955,83.03541689796825,86.5590799617155,RF,0,0,0,1,0,sigpid_androcrawl_api_calls,SigPID
89.48744986147294,66.66666666666666,0.0196656833824975,0.0393197680133687,50.00925522102629,RF,0,0,0,1,0,sigpid_androcrawl_permissions,SigPID
96.55493482309124,97.1214953271028,93.45323741007196,95.25206232813932,95.91403955771644,RF,0,0,0,1,0,sigpid_drebin_215_permissions,SigPID
79.22319765895185,75.577488450231,64.73021582733813,69.73454756830073,76.22855240501562,RF,0,0,0,1,0,sigpid_drebin_215_intents,SigPID
96.81697886945376,95.14835094868204,73.47099311701082,82.9162736503357,86.51542308515683,RF,0,0,0,1,0,sigpid_androcrawl_all,SigPID
67.6443202979516,55.066336200612334,67.93165467625899,60.82615347451485,67.70369141579938,RF,0,0,0,1,0,sigpid_drebin_215_commands,SigPID
97.2789568225667,98.6573373676248,93.91539153915392,96.22798118601862,96.58306512373484,RF,0,0,0,1,0,sigpid_drebin_215_all,SigPID
93.91472037711593,56.52173913043478,0.4572634540977841,0.9071877180739708,50.217223234567086,RF,0,0,0,1,0,sigpid_motodroid_intents,SigPID
95.24981704477412,95.9559521549269,90.98109810981096,93.40232858990944,94.3666571173791,RF,0,0,0,1,0,sigpid_drebin_215_api_calls_limpo,SigPID
93.90829226483822,0.0,0.0,0.0,50.0,RF,0,0,0,1,0,sigpid_motodroid_all,SigPID
93.90829226483822,0.0,0.0,0.0,50.0,RF,0,0,0,1,0,sigpid_motodroid_permissions,SigPID
89.48744986147294,66.66666666666666,0.0196656833824975,0.0393197680133687,50.00925522102629,RF,0,0,0,1,0,sigpid_androcrawl_intents,SigPID
