n_fold,k,score_function,algorithm,accuracy,precision,recall,f-measure
0,1,chi2,NaiveBayes,0.6625659050966608,0.7301769331585846,0.6649183285145921,0.6377238360525268
0,1,chi2,KNN,0.4956063268892794,0.2478031634446397,0.5,0.3313748531139835
0,1,chi2,RandomForest,0.6625659050966608,0.7301769331585846,0.6649183285145921,0.6377238360525268
0,1,chi2,LogisticRegression,0.6625659050966608,0.7301769331585846,0.6649183285145921,0.6377238360525268
0,1,chi2,DecisionTree,0.6625659050966608,0.7301769331585846,0.6649183285145921,0.6377238360525268
0,1,chi2,SimpleLogistic,0.6625659050966608,0.7301769331585846,0.6649183285145921,0.6377238360525268
0,1,chi2,JRIP,0.4938488576449912,0.24735915492957747,0.49822695035460995,0.3305882352941176
1,1,chi2,NaiveBayes,0.6625659050966608,0.7373422420193021,0.6580326248146318,0.6299186991869918
1,1,chi2,KNN,0.507908611599297,0.2539543057996485,0.5,0.3368298368298368
1,1,chi2,RandomForest,0.6625659050966608,0.7373422420193021,0.6580326248146318,0.6299186991869918
1,1,chi2,LogisticRegression,0.6625659050966608,0.7373422420193021,0.6580326248146318,0.6299186991869918
1,1,chi2,DecisionTree,0.6625659050966608,0.7373422420193021,0.6580326248146318,0.6299186991869918
1,1,chi2,SimpleLogistic,0.6625659050966608,0.7373422420193021,0.6580326248146318,0.6299186991869918
1,1,chi2,JRIP,0.5061511423550088,0.2535211267605634,0.4982698961937716,0.33605600933488916
2,1,chi2,NaiveBayes,0.6625659050966608,0.7378623383138057,0.6640391410709432,0.6347588863034583
2,1,chi2,KNN,0.4973637961335677,0.24868189806678384,0.5,0.33215962441314556
2,1,chi2,RandomForest,0.6625659050966608,0.7378623383138057,0.6640391410709432,0.6347588863034583
2,1,chi2,LogisticRegression,0.6625659050966608,0.7378623383138057,0.6640391410709432,0.6347588863034583
2,1,chi2,DecisionTree,0.6625659050966608,0.7378623383138057,0.6640391410709432,0.6347588863034583
2,1,chi2,SimpleLogistic,0.6625659050966608,0.7378623383138057,0.6640391410709432,0.6347588863034583
2,1,chi2,JRIP,0.4956063268892794,0.2482394366197183,0.49823321554770317,0.33137485311398357
3,1,chi2,NaiveBayes,0.6467486818980668,0.71186117467582,0.6510257043994068,0.6211152963158052
3,1,chi2,KNN,0.492091388400703,0.2460456942003515,0.5,0.3297997644287397
3,1,chi2,RandomForest,0.6467486818980668,0.71186117467582,0.6510257043994068,0.6211152963158052
3,1,chi2,LogisticRegression,0.6467486818980668,0.71186117467582,0.6510257043994068,0.6211152963158052
3,1,chi2,DecisionTree,0.6467486818980668,0.71186117467582,0.6510257043994068,0.6211152963158052
3,1,chi2,SimpleLogistic,0.6467486818980668,0.71186117467582,0.6510257043994068,0.6211152963158052
3,1,chi2,JRIP,0.4903339191564148,0.24559859154929578,0.4982142857142857,0.3290094339622642
4,1,chi2,NaiveBayes,0.6502636203866432,0.7327745559985501,0.6588329128950883,0.6233881133650638
4,1,chi2,KNN,0.4850615114235501,0.24253075571177504,0.5,0.32662721893491126
4,1,chi2,RandomForest,0.6502636203866432,0.7327745559985501,0.6588329128950883,0.6233881133650638
4,1,chi2,LogisticRegression,0.6502636203866432,0.7327745559985501,0.6588329128950883,0.6233881133650638
4,1,chi2,DecisionTree,0.6502636203866432,0.7327745559985501,0.6588329128950883,0.6233881133650638
4,1,chi2,SimpleLogistic,0.6502636203866432,0.7327745559985501,0.6588329128950883,0.6233881133650638
4,1,chi2,JRIP,0.4833040421792619,0.2420774647887324,0.49818840579710144,0.32582938388625593
5,1,chi2,NaiveBayes,0.6432337434094904,0.7143920068027211,0.6495957872876956,0.6165882739551418
5,1,chi2,KNN,0.48857644991212656,0.24428822495606328,0.5,0.3282172373081464
5,1,chi2,RandomForest,0.6432337434094904,0.7143920068027211,0.6495957872876956,0.6165882739551418
5,1,chi2,LogisticRegression,0.6432337434094904,0.7143920068027211,0.6495957872876956,0.6165882739551418
5,1,chi2,DecisionTree,0.6432337434094904,0.7143920068027211,0.6495957872876956,0.6165882739551418
5,1,chi2,SimpleLogistic,0.6432337434094904,0.7143920068027211,0.6495957872876956,0.6165882739551418
5,1,chi2,JRIP,0.4868189806678383,0.2438380281690141,0.4982014388489209,0.32742316784869974
6,1,chi2,NaiveBayes,0.6866197183098591,0.7436352543124964,0.6644576734434086,0.6489785715277682
6,1,chi2,KNN,0.5404929577464789,0.27024647887323944,0.5,0.3508571428571428
6,1,chi2,RandomForest,0.6866197183098591,0.7436352543124964,0.6644576734434086,0.6489785715277682
6,1,chi2,LogisticRegression,0.6866197183098591,0.7436352543124964,0.6644576734434086,0.6489785715277682
6,1,chi2,DecisionTree,0.6866197183098591,0.7436352543124964,0.6644576734434086,0.6489785715277682
6,1,chi2,SimpleLogistic,0.6866197183098591,0.7436352543124964,0.6644576734434086,0.6489785715277682
6,1,chi2,JRIP,0.5387323943661971,0.2698412698412698,0.498371335504886,0.3501144164759725
7,1,chi2,NaiveBayes,0.6830985915492958,0.7594986712633771,0.6792162698412698,0.6550374519198326
7,1,chi2,KNN,0.5070422535211268,0.2535211267605634,0.5,0.3364485981308411
7,1,chi2,RandomForest,0.6830985915492958,0.7594986712633771,0.6792162698412698,0.6550374519198326
7,1,chi2,LogisticRegression,0.6830985915492958,0.7594986712633771,0.6792162698412698,0.6550374519198326
7,1,chi2,DecisionTree,0.6830985915492958,0.7594986712633771,0.6792162698412698,0.6550374519198326
7,1,chi2,SimpleLogistic,0.6830985915492958,0.7594986712633771,0.6792162698412698,0.6550374519198326
7,1,chi2,JRIP,0.5052816901408451,0.25308641975308643,0.4982638888888889,0.33567251461988307
8,1,chi2,NaiveBayes,0.6355633802816901,0.7150505703355634,0.6532515062490664,0.6137438033633487
8,1,chi2,KNN,0.46830985915492956,0.23415492957746478,0.5,0.31894484412470026
8,1,chi2,RandomForest,0.6355633802816901,0.7150505703355634,0.6532515062490664,0.6137438033633487
8,1,chi2,LogisticRegression,0.6355633802816901,0.7150505703355634,0.6532515062490664,0.6137438033633487
8,1,chi2,DecisionTree,0.6355633802816901,0.7150505703355634,0.6532515062490664,0.6137438033633487
8,1,chi2,SimpleLogistic,0.6355633802816901,0.7150505703355634,0.6532515062490664,0.6137438033633487
8,1,chi2,JRIP,0.4665492957746479,0.23368606701940034,0.4981203007518797,0.3181272509003601
9,1,chi2,NaiveBayes,0.7024647887323944,0.783639353247465,0.6927230746313123,0.6728099446798212
9,1,chi2,KNN,0.5176056338028169,0.25880281690140844,0.5,0.3410672853828306
9,1,chi2,RandomForest,0.7024647887323944,0.783639353247465,0.6927230746313123,0.6728099446798212
9,1,chi2,LogisticRegression,0.7024647887323944,0.783639353247465,0.6927230746313123,0.6728099446798212
9,1,chi2,DecisionTree,0.7024647887323944,0.783639353247465,0.6927230746313123,0.6728099446798212
9,1,chi2,SimpleLogistic,0.7024647887323944,0.783639353247465,0.6927230746313123,0.6728099446798212
9,1,chi2,JRIP,0.5158450704225352,0.2583774250440917,0.49829931972789115,0.34030197444831595
0,1,f_classif,NaiveBayes,0.6625659050966608,0.7301769331585846,0.6649183285145921,0.6377238360525268
0,1,f_classif,KNN,0.4956063268892794,0.2478031634446397,0.5,0.3313748531139835
0,1,f_classif,RandomForest,0.6625659050966608,0.7301769331585846,0.6649183285145921,0.6377238360525268
0,1,f_classif,LogisticRegression,0.6625659050966608,0.7301769331585846,0.6649183285145921,0.6377238360525268
0,1,f_classif,DecisionTree,0.6625659050966608,0.7301769331585846,0.6649183285145921,0.6377238360525268
0,1,f_classif,SimpleLogistic,0.6625659050966608,0.7301769331585846,0.6649183285145921,0.6377238360525268
0,1,f_classif,JRIP,0.4938488576449912,0.24735915492957747,0.49822695035460995,0.3305882352941176
1,1,f_classif,NaiveBayes,0.6625659050966608,0.7373422420193021,0.6580326248146318,0.6299186991869918
1,1,f_classif,KNN,0.507908611599297,0.2539543057996485,0.5,0.3368298368298368
1,1,f_classif,RandomForest,0.6625659050966608,0.7373422420193021,0.6580326248146318,0.6299186991869918
1,1,f_classif,LogisticRegression,0.6625659050966608,0.7373422420193021,0.6580326248146318,0.6299186991869918
1,1,f_classif,DecisionTree,0.6625659050966608,0.7373422420193021,0.6580326248146318,0.6299186991869918
1,1,f_classif,SimpleLogistic,0.6625659050966608,0.7373422420193021,0.6580326248146318,0.6299186991869918
1,1,f_classif,JRIP,0.5061511423550088,0.2535211267605634,0.4982698961937716,0.33605600933488916
2,1,f_classif,NaiveBayes,0.6625659050966608,0.7378623383138057,0.6640391410709432,0.6347588863034583
2,1,f_classif,KNN,0.4973637961335677,0.24868189806678384,0.5,0.33215962441314556
2,1,f_classif,RandomForest,0.6625659050966608,0.7378623383138057,0.6640391410709432,0.6347588863034583
2,1,f_classif,LogisticRegression,0.6625659050966608,0.7378623383138057,0.6640391410709432,0.6347588863034583
2,1,f_classif,DecisionTree,0.6625659050966608,0.7378623383138057,0.6640391410709432,0.6347588863034583
2,1,f_classif,SimpleLogistic,0.6625659050966608,0.7378623383138057,0.6640391410709432,0.6347588863034583
2,1,f_classif,JRIP,0.4956063268892794,0.2482394366197183,0.49823321554770317,0.33137485311398357
3,1,f_classif,NaiveBayes,0.6467486818980668,0.71186117467582,0.6510257043994068,0.6211152963158052
3,1,f_classif,KNN,0.492091388400703,0.2460456942003515,0.5,0.3297997644287397
3,1,f_classif,RandomForest,0.6467486818980668,0.71186117467582,0.6510257043994068,0.6211152963158052
3,1,f_classif,LogisticRegression,0.6467486818980668,0.71186117467582,0.6510257043994068,0.6211152963158052
3,1,f_classif,DecisionTree,0.6467486818980668,0.71186117467582,0.6510257043994068,0.6211152963158052
3,1,f_classif,SimpleLogistic,0.6467486818980668,0.71186117467582,0.6510257043994068,0.6211152963158052
3,1,f_classif,JRIP,0.4903339191564148,0.24559859154929578,0.4982142857142857,0.3290094339622642
4,1,f_classif,NaiveBayes,0.6502636203866432,0.7327745559985501,0.6588329128950883,0.6233881133650638
4,1,f_classif,KNN,0.4850615114235501,0.24253075571177504,0.5,0.32662721893491126
4,1,f_classif,RandomForest,0.6502636203866432,0.7327745559985501,0.6588329128950883,0.6233881133650638
4,1,f_classif,LogisticRegression,0.6502636203866432,0.7327745559985501,0.6588329128950883,0.6233881133650638
4,1,f_classif,DecisionTree,0.6502636203866432,0.7327745559985501,0.6588329128950883,0.6233881133650638
4,1,f_classif,SimpleLogistic,0.6502636203866432,0.7327745559985501,0.6588329128950883,0.6233881133650638
4,1,f_classif,JRIP,0.4833040421792619,0.2420774647887324,0.49818840579710144,0.32582938388625593
5,1,f_classif,NaiveBayes,0.6432337434094904,0.7143920068027211,0.6495957872876956,0.6165882739551418
5,1,f_classif,KNN,0.48857644991212656,0.24428822495606328,0.5,0.3282172373081464
5,1,f_classif,RandomForest,0.6432337434094904,0.7143920068027211,0.6495957872876956,0.6165882739551418
5,1,f_classif,LogisticRegression,0.6432337434094904,0.7143920068027211,0.6495957872876956,0.6165882739551418
5,1,f_classif,DecisionTree,0.6432337434094904,0.7143920068027211,0.6495957872876956,0.6165882739551418
5,1,f_classif,SimpleLogistic,0.6432337434094904,0.7143920068027211,0.6495957872876956,0.6165882739551418
5,1,f_classif,JRIP,0.4868189806678383,0.2438380281690141,0.4982014388489209,0.32742316784869974
6,1,f_classif,NaiveBayes,0.6866197183098591,0.7436352543124964,0.6644576734434086,0.6489785715277682
6,1,f_classif,KNN,0.5404929577464789,0.27024647887323944,0.5,0.3508571428571428
6,1,f_classif,RandomForest,0.6866197183098591,0.7436352543124964,0.6644576734434086,0.6489785715277682
6,1,f_classif,LogisticRegression,0.6866197183098591,0.7436352543124964,0.6644576734434086,0.6489785715277682
6,1,f_classif,DecisionTree,0.6866197183098591,0.7436352543124964,0.6644576734434086,0.6489785715277682
6,1,f_classif,SimpleLogistic,0.6866197183098591,0.7436352543124964,0.6644576734434086,0.6489785715277682
6,1,f_classif,JRIP,0.5387323943661971,0.2698412698412698,0.498371335504886,0.3501144164759725
7,1,f_classif,NaiveBayes,0.6830985915492958,0.7594986712633771,0.6792162698412698,0.6550374519198326
7,1,f_classif,KNN,0.5070422535211268,0.2535211267605634,0.5,0.3364485981308411
7,1,f_classif,RandomForest,0.6830985915492958,0.7594986712633771,0.6792162698412698,0.6550374519198326
7,1,f_classif,LogisticRegression,0.6830985915492958,0.7594986712633771,0.6792162698412698,0.6550374519198326
7,1,f_classif,DecisionTree,0.6830985915492958,0.7594986712633771,0.6792162698412698,0.6550374519198326
7,1,f_classif,SimpleLogistic,0.6830985915492958,0.7594986712633771,0.6792162698412698,0.6550374519198326
7,1,f_classif,JRIP,0.5052816901408451,0.25308641975308643,0.4982638888888889,0.33567251461988307
8,1,f_classif,NaiveBayes,0.6355633802816901,0.7150505703355634,0.6532515062490664,0.6137438033633487
8,1,f_classif,KNN,0.46830985915492956,0.23415492957746478,0.5,0.31894484412470026
8,1,f_classif,RandomForest,0.6355633802816901,0.7150505703355634,0.6532515062490664,0.6137438033633487
8,1,f_classif,LogisticRegression,0.6355633802816901,0.7150505703355634,0.6532515062490664,0.6137438033633487
8,1,f_classif,DecisionTree,0.6355633802816901,0.7150505703355634,0.6532515062490664,0.6137438033633487
8,1,f_classif,SimpleLogistic,0.6355633802816901,0.7150505703355634,0.6532515062490664,0.6137438033633487
8,1,f_classif,JRIP,0.4665492957746479,0.23368606701940034,0.4981203007518797,0.3181272509003601
9,1,f_classif,NaiveBayes,0.7024647887323944,0.783639353247465,0.6927230746313123,0.6728099446798212
9,1,f_classif,KNN,0.5176056338028169,0.25880281690140844,0.5,0.3410672853828306
9,1,f_classif,RandomForest,0.7024647887323944,0.783639353247465,0.6927230746313123,0.6728099446798212
9,1,f_classif,LogisticRegression,0.7024647887323944,0.783639353247465,0.6927230746313123,0.6728099446798212
9,1,f_classif,DecisionTree,0.7024647887323944,0.783639353247465,0.6927230746313123,0.6728099446798212
9,1,f_classif,SimpleLogistic,0.7024647887323944,0.783639353247465,0.6927230746313123,0.6728099446798212
9,1,f_classif,JRIP,0.5158450704225352,0.2583774250440917,0.49829931972789115,0.34030197444831595
0,201,chi2,NaiveBayes,0.6045694200351494,0.7019717003015542,0.607581486149208,0.5537597116735274
0,201,chi2,KNN,0.7592267135325131,0.7615446850883745,0.7596251266464032,0.7588662354575179
0,201,chi2,RandomForest,0.7943760984182777,0.7945192782995552,0.7944683322213162,0.7943735579462375
0,201,chi2,LogisticRegression,0.7504393673110721,0.7504694951691419,0.7504818741196531,0.7504385964912281
0,201,chi2,DecisionTree,0.7644991212653779,0.7657749832576829,0.7647898287493513,0.764335344443895
0,201,chi2,SimpleLogistic,0.7469244288224957,0.7469529531014364,0.7468431067289396,0.7468610973801284
0,201,chi2,JRIP,0.6660808435852372,0.7487239782711728,0.66858798527195,0.6377981774323238
1,201,chi2,NaiveBayes,0.655536028119508,0.7323589860698789,0.6508897676717746,0.6204497808271393
1,201,chi2,KNN,0.7521968365553603,0.7547672392332587,0.7529411764705882,0.7518903021700205
1,201,chi2,RandomForest,0.7978910369068541,0.8002997377294867,0.7971453287197232,0.7971668139055502
1,201,chi2,LogisticRegression,0.7539543057996485,0.7560492438445194,0.753169797330697,0.7530198179428034
1,201,chi2,DecisionTree,0.7504393673110721,0.7521777655750799,0.7497095897182402,0.7495971140972877
1,201,chi2,SimpleLogistic,0.7609841827768014,0.7617734724292101,0.7604794859120119,0.7605218855218856
1,201,chi2,JRIP,0.6766256590509666,0.7348179158680521,0.6725963914977756,0.652126528442318
2,201,chi2,NaiveBayes,0.6695957820738138,0.7480561825934287,0.6710692134720403,0.6423680761721362
2,201,chi2,KNN,0.7961335676625659,0.7962699668661293,0.7960723022560479,0.7960825506673258
2,201,chi2,RandomForest,0.8014059753954306,0.8014840351917754,0.8014467864291186,0.8014035217771354
2,201,chi2,LogisticRegression,0.7785588752196837,0.7787646171722415,0.7786268501816205,0.7785417747794499
2,201,chi2,DecisionTree,0.7451669595782073,0.7465057100297915,0.7453544688527021,0.7449116829552587
2,201,chi2,SimpleLogistic,0.7768014059753954,0.7768230003212335,0.7768230003212335,0.7768014059753955
2,201,chi2,JRIP,0.6889279437609842,0.7629117596859532,0.6903185154068546,0.6663552609348136
3,201,chi2,NaiveBayes,0.6291739894551845,0.7118533135354799,0.6340027187345526,0.5937598337940765
3,201,chi2,KNN,0.7697715289982425,0.7724732387353747,0.7705202669303015,0.7694867346402318
3,201,chi2,RandomForest,0.7662565905096661,0.7671197266785502,0.7666707859614434,0.7662103757526328
3,201,chi2,LogisticRegression,0.7416520210896309,0.7449019069488818,0.742504943153732,0.7411915775794049
3,201,chi2,DecisionTree,0.7557117750439367,0.7583084391336818,0.7564569945625309,0.7554095886640628
3,201,chi2,SimpleLogistic,0.7504393673110721,0.7513806681690978,0.7508774097874444,0.7503769154720712
3,201,chi2,JRIP,0.687170474516696,0.7177015204280982,0.6900395452298567,0.6778070443324681
4,201,chi2,NaiveBayes,0.648506151142355,0.7208599114643244,0.6567059900084088,0.6240949209872628
4,201,chi2,KNN,0.7504393673110721,0.7508219008775182,0.7509521689667111,0.7504324297610516
4,201,chi2,RandomForest,0.7803163444639719,0.7806228373702422,0.7808032843646436,0.7803054873434339
4,201,chi2,LogisticRegression,0.7662565905096661,0.7660672351996045,0.7662054211801949,0.7661150000772643
4,201,chi2,DecisionTree,0.7469244288224957,0.7481921295723024,0.7478545283672158,0.7469048854622284
4,201,chi2,SimpleLogistic,0.7715289982425307,0.7716153104845684,0.7718504229114111,0.7714944147884539
4,201,chi2,JRIP,0.6695957820738138,0.7375720819248359,0.6772889152693278,0.6498874109761207
5,201,chi2,NaiveBayes,0.6274165202108963,0.6951621621621622,0.6338908254839427,0.5983779032601747
5,201,chi2,KNN,0.7434094903339191,0.7486893673334352,0.7415881727607605,0.7409894742093186
5,201,chi2,RandomForest,0.7926186291739895,0.7928034796362198,0.792912062102895,0.7926128641676344
5,201,chi2,LogisticRegression,0.7557117750439367,0.7556153370439085,0.7554636703008728,0.7555184618475757
5,201,chi2,DecisionTree,0.7715289982425307,0.7724358974358974,0.7721328092165443,0.7715113549311785
5,201,chi2,SimpleLogistic,0.7609841827768014,0.7609179759990102,0.7606986575687904,0.7607706385714992
5,201,chi2,JRIP,0.655536028119508,0.7333879645134855,0.6619446710672698,0.6294391281233387
6,201,chi2,NaiveBayes,0.6725352112676056,0.7324127200233395,0.6491320029453242,0.6292896543012337
6,201,chi2,KNN,0.6971830985915493,0.6979573613126465,0.6992025160058407,0.6968786844554762
6,201,chi2,RandomForest,0.7711267605633803,0.769714864814143,0.7690416463863616,0.7693393809898664
6,201,chi2,LogisticRegression,0.778169014084507,0.7776054082005877,0.774695171415378,0.7756657806309242
6,201,chi2,DecisionTree,0.7711267605633803,0.7696517599430222,0.7693286907035082,0.7694805194805194
6,201,chi2,SimpleLogistic,0.7605633802816901,0.7591304892564055,0.7581214821470915,0.7585396349087272
6,201,chi2,JRIP,0.7007042253521126,0.7766021589030438,0.6774869894043206,0.6611787162968266
7,201,chi2,NaiveBayes,0.6690140845070423,0.7535855965822398,0.6648809523809525,0.6355992355992356
7,201,chi2,KNN,0.7570422535211268,0.7638543832074227,0.7581349206349206,0.7559499346161032
7,201,chi2,RandomForest,0.8169014084507042,0.8185814185814186,0.8163690476190476,0.8164553815560528
7,201,chi2,LogisticRegression,0.7799295774647887,0.7803396700277256,0.7796130952380953,0.7796830539031785
7,201,chi2,DecisionTree,0.7676056338028169,0.7689310689310689,0.767063492063492,0.7670395227442208
7,201,chi2,SimpleLogistic,0.7887323943661971,0.7888425443169969,0.7885416666666667,0.7886039673973725
7,201,chi2,JRIP,0.6742957746478874,0.7600867966721625,0.6701884920634921,0.6418333713950707
8,201,chi2,NaiveBayes,0.647887323943662,0.7460119091376902,0.666633471094956,0.6237015051939793
8,201,chi2,KNN,0.7711267605633803,0.772235457613659,0.7731165662500623,0.7710557973980231
8,201,chi2,RandomForest,0.8063380281690141,0.8078355429763147,0.8086939202310413,0.8062996031746033
8,201,chi2,LogisticRegression,0.7464788732394366,0.7462679164806825,0.7472489169944729,0.7461641590942947
8,201,chi2,DecisionTree,0.7746478873239436,0.7754403373852643,0.7764278245282079,0.7745472587447284
8,201,chi2,SimpleLogistic,0.7464788732394366,0.7456676101097373,0.7463526365582831,0.7458612975391499
8,201,chi2,JRIP,0.6161971830985915,0.7398176291793312,0.637504356918787,0.5794021739130435
9,201,chi2,NaiveBayes,0.7007042253521126,0.7826214805557598,0.6908982571130642,0.6704886704886704
9,201,chi2,KNN,0.7588028169014085,0.7585943230843829,0.7581930582451959,0.7583346532132087
9,201,chi2,RandomForest,0.7799295774647887,0.7797097667946377,0.7794701822334773,0.7795681398345209
9,201,chi2,LogisticRegression,0.7411971830985915,0.7408811666149551,0.7409379810318288,0.7409072713901379
9,201,chi2,DecisionTree,0.7394366197183099,0.7393839712918661,0.7384924772828839,0.7387077122005197
9,201,chi2,SimpleLogistic,0.7447183098591549,0.7449316155591652,0.7452083022990218,0.7446795318918081
9,201,chi2,JRIP,0.7147887323943662,0.7577029947514665,0.7072347187050003,0.6974431818181819
0,201,f_classif,NaiveBayes,0.5940246045694201,0.6929553264604811,0.5971285244767341,0.5380925438488599
0,201,f_classif,KNN,0.7557117750439367,0.7557701336891789,0.7557701336891789,0.7557117750439367
0,201,f_classif,RandomForest,0.7873462214411248,0.7877343324924568,0.7874996911063336,0.7873225731716735
0,201,f_classif,LogisticRegression,0.7504393673110721,0.7504694951691419,0.7504818741196531,0.7504385964912281
0,201,f_classif,DecisionTree,0.7504393673110721,0.7519240317775571,0.7507598784194529,0.750216402037889
0,201,f_classif,SimpleLogistic,0.7504393673110721,0.7504697273109348,0.7503583166530754,0.7503769154720712
0,201,f_classif,JRIP,0.6590509666080844,0.7473905150896302,0.6616502335236119,0.6277484015431516
1,201,f_classif,NaiveBayes,0.6502636203866432,0.7285456450861667,0.6455326248146318,0.6132622914425261
1,201,f_classif,KNN,0.7539543057996485,0.7606541442601429,0.7551717745921898,0.7529095014764634
1,201,f_classif,RandomForest,0.7926186291739895,0.7944365512600016,0.7919550173010381,0.792001239157373
1,201,f_classif,LogisticRegression,0.7539543057996485,0.7560492438445194,0.753169797330697,0.7530198179428034
1,201,f_classif,DecisionTree,0.7557117750439367,0.75706812803587,0.755066732575383,0.755030802729348
1,201,f_classif,SimpleLogistic,0.7627416520210897,0.7636496930838241,0.7622095897182402,0.762245229583546
1,201,f_classif,JRIP,0.6520210896309314,0.7535074626865672,0.6469290657439446,0.6088668240522149
2,201,f_classif,NaiveBayes,0.6625659050966608,0.7435178054058018,0.6640762064790333,0.6331990330378727
2,201,f_classif,KNN,0.7627416520210897,0.7677931904161412,0.7623736687340927,0.7614418767876718
2,201,f_classif,RandomForest,0.8084358523725835,0.8084365038179258,0.8084212607180805,0.8084263849634743
2,201,f_classif,LogisticRegression,0.7768014059753954,0.7769558769002596,0.7768600657293236,0.7767903751409287
2,201,f_classif,DecisionTree,0.7469244288224957,0.7475180728857199,0.7470471224888187,0.7468298109010011
2,201,f_classif,SimpleLogistic,0.7803163444639719,0.7805808318085159,0.7803936346339173,0.780291914433547
2,201,f_classif,JRIP,0.680140597539543,0.7469904838763912,0.6815031258494156,0.6579263780984093
3,201,f_classif,NaiveBayes,0.6256590509666081,0.7122599823250583,0.6305981216015818,0.5880133389082083
3,201,f_classif,KNN,0.7644991212653779,0.7657187112763321,0.7649962926347009,0.764411074032876
3,201,f_classif,RandomForest,0.7697715289982425,0.7714335343308767,0.7703534354918438,0.7696320677452753
3,201,f_classif,LogisticRegression,0.7381370826010545,0.741351337859425,0.7389891250617894,0.7376703745532744
3,201,f_classif,DecisionTree,0.7609841827768014,0.7627606752730884,0.7615916955017301,0.7608179615251471
3,201,f_classif,SimpleLogistic,0.7486818980667839,0.7489925585304953,0.7489248640632724,0.7486787930454013
3,201,f_classif,JRIP,0.6572934973637962,0.7266573053186325,0.6615731586752348,0.6324252874705573
4,201,f_classif,NaiveBayes,0.6344463971880492,0.7163492063492063,0.6432643319978236,0.6043221268287464
4,201,f_classif,KNN,0.7574692442882249,0.7582560296846012,0.7581985457783054,0.7574684951816161
4,201,f_classif,RandomForest,0.7855887521968365,0.7858157868722815,0.7860278478508187,0.7855721946277214
4,201,f_classif,LogisticRegression,0.7662565905096661,0.7660672351996045,0.7662054211801949,0.7661150000772643
4,201,f_classif,DecisionTree,0.7539543057996485,0.7547371675943104,0.7546804669337686,0.753953545836422
4,201,f_classif,SimpleLogistic,0.7715289982425307,0.7716153104845684,0.7718504229114111,0.7714944147884539
4,201,f_classif,JRIP,0.6572934973637962,0.724519990584754,0.6651333036553395,0.6358752547445663
5,201,f_classif,NaiveBayes,0.6080843585237259,0.6769049250209332,0.6149101337486711,0.5735134462904641
5,201,f_classif,KNN,0.7609841827768014,0.7616573902288188,0.7615021384953893,0.7609775383626973
5,201,f_classif,RandomForest,0.7908611599297012,0.7908821349147517,0.791033152859156,0.7908379025407366
5,201,f_classif,LogisticRegression,0.7557117750439367,0.7556153370439085,0.7554636703008728,0.7555184618475757
5,201,f_classif,DecisionTree,0.773286467486819,0.7738722362368304,0.7737706741823036,0.7732836664535438
5,201,f_classif,SimpleLogistic,0.7557117750439367,0.7558488228004956,0.755222626022893,0.7553460345152918
5,201,f_classif,JRIP,0.664323374340949,0.7015701017249005,0.6690091225988282,0.6517781330804204
6,201,f_classif,NaiveBayes,0.6549295774647887,0.7203129306506668,0.6296878705055724,0.6026667808756978
6,201,f_classif,KNN,0.7570422535211268,0.7555722608532232,0.754577108839717,0.7549887471867968
6,201,f_classif,RandomForest,0.7834507042253521,0.782042957042957,0.7818775194378924,0.7819577735124761
6,201,f_classif,LogisticRegression,0.7764084507042254,0.775930414583649,0.7727794626031176,0.7737995566049864
6,201,f_classif,DecisionTree,0.7623239436619719,0.7607655502392345,0.7611853682279381,0.7609539396773439
6,201,f_classif,SimpleLogistic,0.7588028169014085,0.757509543901949,0.7559187290176844,0.7565198889858855
6,201,f_classif,JRIP,0.6883802816901409,0.7650966183574879,0.6643640720356434,0.6447779862414008
7,201,f_classif,NaiveBayes,0.6496478873239436,0.7444514041131642,0.645188492063492,0.6080707630747679
7,201,f_classif,KNN,0.7869718309859155,0.7875807234312591,0.7866071428571428,0.7866802407327513
7,201,f_classif,RandomForest,0.8151408450704225,0.8163498098859316,0.8146825396825397,0.8147820334845761
7,201,f_classif,LogisticRegression,0.7799295774647887,0.7803396700277256,0.7796130952380953,0.7796830539031785
7,201,f_classif,DecisionTree,0.7764084507042254,0.777942297359773,0.775843253968254,0.7758240802031182
7,201,f_classif,SimpleLogistic,0.7904929577464789,0.7906562364189482,0.7902777777777779,0.7903467442516882
7,201,f_classif,JRIP,0.704225352112676,0.7628708693111732,0.700843253968254,0.6845070422535211
8,201,f_classif,NaiveBayes,0.6355633802816901,0.7390824455322007,0.6550440671214459,0.6078486306921083
8,201,f_classif,KNN,0.7552816901408451,0.7638497652582159,0.7483568192003187,0.7491221882219109
8,201,f_classif,RandomForest,0.8045774647887324,0.8062643571118147,0.8070382910919683,0.8045477795861427
8,201,f_classif,LogisticRegression,0.7464788732394366,0.7462679164806825,0.7472489169944729,0.7461641590942947
8,201,f_classif,DecisionTree,0.772887323943662,0.7738347786172417,0.7747721953891351,0.772802113468712
8,201,f_classif,SimpleLogistic,0.75,0.7491931079000943,0.7498879649454763,0.749391001739995
8,201,f_classif,JRIP,0.6355633802816901,0.7204545860338887,0.6536996464671613,0.6123480479916124
9,201,f_classif,NaiveBayes,0.6936619718309859,0.7785310734463277,0.6835989870400715,0.6611257406188282
9,201,f_classif,KNN,0.7570422535211268,0.7580620893725863,0.7554992800039724,0.7558313397129186
9,201,f_classif,RandomForest,0.7816901408450704,0.7814487281399046,0.7812949997517256,0.7813621406841745
9,201,f_classif,LogisticRegression,0.7376760563380281,0.7373863312119295,0.7375366204876111,0.7374408612158159
9,201,f_classif,DecisionTree,0.7359154929577465,0.7361138861138861,0.7347187050002483,0.7349658441897793
9,201,f_classif,SimpleLogistic,0.7552816901408451,0.7552228628107371,0.7555365211778142,0.7551898742027205
9,201,f_classif,JRIP,0.7147887323943662,0.7677606177606178,0.7066140324743035,0.6946114938866542
0,401,chi2,NaiveBayes,0.5834797891036907,0.6962469260004471,0.5867682309041935,0.5177983344120203
0,401,chi2,KNN,0.7609841827768014,0.7611667284637251,0.761089282625349,0.7609775383626973
0,401,chi2,RandomForest,0.7961335676625659,0.7964554176351317,0.7962722712333506,0.7961178244001285
0,401,chi2,LogisticRegression,0.7469244288224957,0.7469544589685932,0.7469666641955173,0.7469236471460341
0,401,chi2,DecisionTree,0.7557117750439367,0.7563997821350763,0.755924580522401,0.7556362984727848
0,401,chi2,SimpleLogistic,0.7486818980667839,0.7486654804270463,0.7486470457409742,0.7486539501119778
0,401,chi2,JRIP,0.6537785588752196,0.74087500951511,0.6563928633207304,0.6215695211086917
1,401,chi2,NaiveBayes,0.6080843585237259,0.7140532162231982,0.6023974295600593,0.5462828209868377
1,401,chi2,KNN,0.7469244288224957,0.748091697645601,0.7474172021749876,0.7468298109010012
1,401,chi2,RandomForest,0.7943760984182777,0.7963808241045596,0.7936851211072664,0.793723682131271
1,401,chi2,LogisticRegression,0.7521968365553603,0.7538037513718447,0.7514953040039545,0.7514105912864035
1,401,chi2,DecisionTree,0.7416520210896309,0.7431594831886661,0.7409478497281266,0.7408323185751866
1,401,chi2,SimpleLogistic,0.7609841827768014,0.7619974140288932,0.7604238754325259,0.7604447856559102
1,401,chi2,JRIP,0.6590509666080844,0.737773083656847,0.6544055857637172,0.6243227422472706
2,401,chi2,NaiveBayes,0.6239015817223199,0.7404082404082404,0.6257258642417654,0.5738513872945656
2,401,chi2,KNN,0.7662565905096661,0.7703685559240276,0.7659257703427315,0.7652094056472354
2,401,chi2,RandomForest,0.804920913884007,0.80492129389379,0.804906224517532,0.8049112727609693
2,401,chi2,LogisticRegression,0.773286467486819,0.7733602708580467,0.77332649682473,0.7732836664535438
2,401,chi2,DecisionTree,0.7609841827768014,0.7620183963901423,0.761144332699103,0.7608179615251471
2,401,chi2,SimpleLogistic,0.7803163444639719,0.7810743208103221,0.7804492327460525,0.7802185917303479
2,401,chi2,JRIP,0.687170474516696,0.7565570463028346,0.6885331982505127,0.6654444796786639
3,401,chi2,NaiveBayes,0.5869947275922671,0.710135814889336,0.592925111220959,0.5232925842344125
3,401,chi2,KNN,0.7627416520210897,0.7657842917320969,0.7635442412259021,0.7623864363997439
3,401,chi2,RandomForest,0.7768014059753954,0.7784932628601207,0.7773850716757291,0.7766662030812974
3,401,chi2,LogisticRegression,0.7504393673110721,0.7521660873882821,0.7510442412259022,0.7502658127689037
3,401,chi2,DecisionTree,0.7539543057996485,0.7567256196288454,0.7547268907563025,0.7536187059260177
3,401,chi2,SimpleLogistic,0.7521968365553603,0.7526586536083494,0.752496292634701,0.7521845897233934
3,401,chi2,JRIP,0.6608084358523726,0.7516159945882972,0.6654782501235789,0.6308883189868142
4,401,chi2,NaiveBayes,0.5992970123022847,0.7036760310818888,0.6095550774101004,0.5519313660477454
4,401,chi2,KNN,0.7539543057996485,0.7541765519968366,0.7543651382499876,0.7539353053105
4,401,chi2,RandomForest,0.7750439367311072,0.7754356692621431,0.7755787208784686,0.7750376831648916
4,401,chi2,LogisticRegression,0.7662565905096661,0.7662836669137633,0.7665207498639759,0.7662103757526328
4,401,chi2,DecisionTree,0.7469244288224957,0.7476994434137292,0.747644309244695,0.7469236471460341
4,401,chi2,SimpleLogistic,0.7662565905096661,0.7662836669137633,0.7665207498639759,0.7662103757526328
4,401,chi2,JRIP,0.6783831282952548,0.7433207033906538,0.6858213384775189,0.6606704664326846
5,401,chi2,NaiveBayes,0.5940246045694201,0.6911969380654142,0.6018875621152562,0.5442744359729143
5,401,chi2,KNN,0.7609841827768014,0.7609649122807017,0.7611003980320898,0.7609480031633056
5,401,chi2,RandomForest,0.7996485061511424,0.7996293550778354,0.799784914336572,0.7996181791221827
5,401,chi2,LogisticRegression,0.7609841827768014,0.7609039464254825,0.76102004993943,0.7609243697478991
5,401,chi2,DecisionTree,0.7803163444639719,0.7822526613563612,0.7812059630645999,0.7802185917303479
5,401,chi2,SimpleLogistic,0.7592267135325131,0.7592684316104906,0.7588197483250513,0.758928875158105
5,401,chi2,JRIP,0.6309314586994728,0.7195503363625635,0.6379700363420604,0.5961429266709929
6,401,chi2,NaiveBayes,0.6355633802816901,0.7240973312401884,0.6068928076678273,0.5648282830525977
6,401,chi2,KNN,0.7623239436619719,0.7610759493670887,0.759463102325059,0.760074343161274
6,401,chi2,RandomForest,0.7816901408450704,0.7803745918150312,0.7796747663084853,0.779985255713411
6,401,chi2,LogisticRegression,0.7816901408450704,0.782024439453348,0.7773784117713131,0.778702225797127
6,401,chi2,DecisionTree,0.7482394366197183,0.7465823479519034,0.7467208306812935,0.7466492409520928
6,401,chi2,SimpleLogistic,0.7605633802816901,0.7591304892564055,0.7581214821470915,0.7585396349087272
6,401,chi2,JRIP,0.6848591549295775,0.7562326319968241,0.6611067430454154,0.641766643764424
7,401,chi2,NaiveBayes,0.6214788732394366,0.7655935613682092,0.6162202380952381,0.5567895185729581
7,401,chi2,KNN,0.75,0.7615583075335397,0.751438492063492,0.7478869717429357
7,401,chi2,RandomForest,0.8133802816901409,0.8147233448086615,0.8128968253968254,0.8129884329146322
7,401,chi2,LogisticRegression,0.7869718309859155,0.7877887788778878,0.7865575396825397,0.7866219593598163
7,401,chi2,DecisionTree,0.7764084507042254,0.7771779064698923,0.7759920634920635,0.7760412300718733
7,401,chi2,SimpleLogistic,0.7904929577464789,0.7906562364189482,0.7902777777777779,0.7903467442516882
7,401,chi2,JRIP,0.6866197183098591,0.7645981469510881,0.6827380952380953,0.6588703691207234
8,401,chi2,NaiveBayes,0.5809859154929577,0.7363351254480286,0.6050639844644724,0.5256502028155572
8,401,chi2,KNN,0.7834507042253521,0.7825922198615926,0.78313747946024,0.7828037418043108
8,401,chi2,RandomForest,0.8116197183098591,0.8141699096119656,0.8145570880844495,0.8116144630596842
8,401,chi2,LogisticRegression,0.7570422535211268,0.7572781828100976,0.7583030423741473,0.7568493150684932
8,401,chi2,DecisionTree,0.7764084507042254,0.7784424813945109,0.7789797341034705,0.7763911233450818
8,401,chi2,SimpleLogistic,0.7464788732394366,0.7456676101097373,0.7463526365582831,0.7458612975391499
8,401,chi2,JRIP,0.6197183098591549,0.7129996948428441,0.6390230543245531,0.5912089669603231
9,401,chi2,NaiveBayes,0.6690140845070423,0.7801024011299436,0.6575549928000397,0.6232305412462069
9,401,chi2,KNN,0.7112676056338029,0.7150941506410257,0.7132677888673717,0.7109773502947564
9,401,chi2,RandomForest,0.7904929577464789,0.7909755762726671,0.7894259893738518,0.7897833828354612
9,401,chi2,LogisticRegression,0.7429577464788732,0.7426795923440219,0.7423903868116589,0.7424980127186009
9,401,chi2,DecisionTree,0.7464788732394366,0.7464613237639554,0.7455434728635979,0.7457696659248301
9,401,chi2,SimpleLogistic,0.7482394366197183,0.7480811437499224,0.7483613883509608,0.7481074878665239
9,401,chi2,JRIP,0.704225352112676,0.7628838451268358,0.6955409901186752,0.6807579589706532
0,401,f_classif,NaiveBayes,0.5992970123022847,0.7054886211512718,0.60241678404626,0.5434543918918919
0,401,f_classif,KNN,0.7486818980667839,0.7497768631923439,0.7489559394074183,0.7485296617372089
0,401,f_classif,RandomForest,0.7838312829525483,0.7845736779560308,0.7840462599154867,0.7837644943320325
0,401,f_classif,LogisticRegression,0.7469244288224957,0.7469544589685932,0.7469666641955173,0.7469236471460341
0,401,f_classif,DecisionTree,0.7521968365553603,0.7527032042558456,0.7523784812316208,0.7521478419633175
0,401,f_classif,SimpleLogistic,0.7469244288224957,0.7469167078596144,0.7468739960955841,0.7468861209964412
0,401,f_classif,JRIP,0.6748681898066784,0.741047109855745,0.6771443398324561,0.6526194208398646
1,401,f_classif,NaiveBayes,0.6309314586994728,0.7240464235377027,0.6257229362333169,0.5829494052605126
1,401,f_classif,KNN,0.7521968365553603,0.7579916433839261,0.7533304498269896,0.7513088761798483
1,401,f_classif,RandomForest,0.7820738137082601,0.7834951456310679,0.781463173504696,0.7815062554192989
1,401,f_classif,LogisticRegression,0.7539543057996485,0.7557283346645367,0.753225407810183,0.7531239153071851
1,401,f_classif,DecisionTree,0.7451669595782073,0.7461934617107031,0.7445748887790411,0.7445483734135867
1,401,f_classif,SimpleLogistic,0.7609841827768014,0.7619974140288932,0.7604238754325259,0.7604447856559102
1,401,f_classif,JRIP,0.671353251318102,0.7357000941127261,0.6671280276816609,0.6438953537016772
2,401,f_classif,NaiveBayes,0.6590509666080844,0.7506554848660112,0.6606353010946651,0.6260636856368564
2,401,f_classif,KNN,0.7926186291739895,0.7928571428571429,0.7925387333514542,0.7925410950438758
2,401,f_classif,RandomForest,0.81195079086116,0.8119471213244378,0.8119548296226742,0.8119484675234822
2,401,f_classif,LogisticRegression,0.7750439367311072,0.7751544735541276,0.7750932812770268,0.7750376831648916
2,401,f_classif,DecisionTree,0.7627416520210897,0.7632783882783882,0.7628555190392646,0.7626683474375968
2,401,f_classif,SimpleLogistic,0.7803163444639719,0.7810743208103221,0.7804492327460525,0.7802185917303479
2,401,f_classif,JRIP,0.6977152899824253,0.7608083163314874,0.6990041760359782,0.6791128947644529
3,401,f_classif,NaiveBayes,0.6028119507908611,0.7090427815138074,0.6083292140385566,0.5511741218517898
3,401,f_classif,KNN,0.7662565905096661,0.7664483440434997,0.7664483440434997,0.7662565905096662
3,401,f_classif,RandomForest,0.7644991212653779,0.7657187112763321,0.7649962926347009,0.764411074032876
3,401,f_classif,LogisticRegression,0.7486818980667839,0.7505526577247889,0.7493141374196737,0.7484830219007435
3,401,f_classif,DecisionTree,0.7469244288224957,0.7496388093162287,0.7476952545724171,0.7465792403810466
3,401,f_classif,SimpleLogistic,0.7521968365553603,0.7526586536083494,0.752496292634701,0.7521845897233934
3,401,f_classif,JRIP,0.6625659050966608,0.7435495495495495,0.6670415224913495,0.6355192569461126
4,401,f_classif,NaiveBayes,0.6309314586994728,0.7198125291103865,0.6400615818370679,0.5979366873940078
4,401,f_classif,KNN,0.7434094903339191,0.7449504337050805,0.7444415590839393,0.7433706504547252
4,401,f_classif,RandomForest,0.7838312829525483,0.7841386554621849,0.7843213632091803,0.783820599545939
4,401,f_classif,LogisticRegression,0.7644991212653779,0.7644736842105263,0.7647091556610772,0.7644401878398417
4,401,f_classif,DecisionTree,0.7398945518453427,0.7408919908919909,0.7407132611168818,0.7398873211594059
4,401,f_classif,SimpleLogistic,0.7662565905096661,0.7662836669137633,0.7665207498639759,0.7662103757526328
4,401,f_classif,JRIP,0.6660808435852372,0.7305394136380052,0.6736657268635307,0.646782456415484
5,401,f_classif,NaiveBayes,0.6080843585237259,0.6793425872373241,0.614990481841331,0.572576760480353
5,401,f_classif,KNN,0.7627416520210897,0.7628996282527881,0.7622561744418898,0.7623864363997439
5,401,f_classif,RandomForest,0.7873462214411248,0.7872491597469355,0.7873556824643377,0.7872805188144385
5,401,f_classif,LogisticRegression,0.7609841827768014,0.7609039464254825,0.76102004993943,0.7609243697478991
5,401,f_classif,DecisionTree,0.7803163444639719,0.7819271582287897,0.78112561497194,0.7802484698496266
5,401,f_classif,SimpleLogistic,0.7592267135325131,0.7592684316104906,0.7588197483250513,0.758928875158105
5,401,f_classif,JRIP,0.6414762741652021,0.7082679772735194,0.6477168780439566,0.6158357383038999
6,401,f_classif,NaiveBayes,0.6602112676056338,0.7409776461082682,0.6339997753566213,0.6046094750320102
6,401,f_classif,KNN,0.7605633802816901,0.7591304892564055,0.7581214821470915,0.7585396349087272
6,401,f_classif,RandomForest,0.7852112676056338,0.783793228250153,0.783793228250153,0.783793228250153
6,401,f_classif,LogisticRegression,0.7816901408450704,0.7817157328268439,0.7776654560884596,0.7788828611613421
6,401,f_classif,DecisionTree,0.7552816901408451,0.7537345018174575,0.7543836659303356,0.7539999314520023
6,401,f_classif,SimpleLogistic,0.7623239436619719,0.7608673878205128,0.760037190959352,0.7603922218090575
6,401,f_classif,JRIP,0.7095070422535211,0.7543724966622163,0.6902230209542352,0.682019441192936
7,401,f_classif,NaiveBayes,0.647887323943662,0.7636097917427841,0.643154761904762,0.6002927433429038
7,401,f_classif,KNN,0.7922535211267606,0.7924781399046106,0.7920138888888889,0.7920885447687116
7,401,f_classif,RandomForest,0.8169014084507042,0.8182657286833308,0.8164186507936508,0.8165169530483183
7,401,f_classif,LogisticRegression,0.7887323943661971,0.7894487875317433,0.788343253968254,0.7884149748556528
7,401,f_classif,DecisionTree,0.7834507042253521,0.7840469346871228,0.7830853174603174,0.7831542942985819
7,401,f_classif,SimpleLogistic,0.7904929577464789,0.7906562364189482,0.7902777777777779,0.7903467442516882
7,401,f_classif,JRIP,0.6725352112676056,0.755819209039548,0.668452380952381,0.6403153981288556
8,401,f_classif,NaiveBayes,0.602112676056338,0.7320316132031613,0.6242593238062043,0.5598529734474436
8,401,f_classif,KNN,0.7535211267605634,0.7608901515151515,0.7469252601702934,0.7477381450886342
8,401,f_classif,RandomForest,0.8045774647887324,0.8049462472255633,0.8061420106557785,0.804441080772583
8,401,f_classif,LogisticRegression,0.7570422535211268,0.7572781828100976,0.7583030423741473,0.7568493150684932
8,401,f_classif,DecisionTree,0.7711267605633803,0.7729531001589824,0.7735647064681571,0.7711012188922093
8,401,f_classif,SimpleLogistic,0.7464788732394366,0.7456676101097373,0.7463526365582831,0.7458612975391499
8,401,f_classif,JRIP,0.6619718309859155,0.7450299564270153,0.6792062938803963,0.643286101189308
9,401,f_classif,NaiveBayes,0.6971830985915493,0.7774020436668382,0.6873727593227071,0.6666120666120665
9,401,f_classif,KNN,0.7605633802816901,0.7608630952380953,0.7611351109786981,0.7605366597641573
9,401,f_classif,RandomForest,0.7816901408450704,0.7815063385533184,0.7811708625055862,0.7812996820349761
9,401,f_classif,LogisticRegression,0.7359154929577465,0.7355922098569156,0.7354635284770843,0.735518718569566
9,401,f_classif,DecisionTree,0.7200704225352113,0.7197535776006763,0.7194125825512687,0.7195270792766437
9,401,f_classif,SimpleLogistic,0.7482394366197183,0.7480811437499224,0.7483613883509608,0.7481074878665239
9,401,f_classif,JRIP,0.698943661971831,0.7546381649974256,0.6903148120562094,0.6753906054175092
0,601,chi2,NaiveBayes,0.5641476274165202,0.6876541940789473,0.5676662465712803,0.4833635990861695
0,601,chi2,KNN,0.7539543057996485,0.7541383149820611,0.7538117478439221,0.7538258053351133
0,601,chi2,RandomForest,0.7943760984182777,0.7945192782995552,0.7944683322213162,0.7943735579462375
0,601,chi2,LogisticRegression,0.7469244288224957,0.7469544589685932,0.7469666641955173,0.7469236471460341
0,601,chi2,DecisionTree,0.7574692442882249,0.7579035250463821,0.7576358514345022,0.7574325326215896
0,601,chi2,SimpleLogistic,0.7486818980667839,0.7486654804270463,0.7486470457409742,0.7486539501119778
0,601,chi2,JRIP,0.664323374340949,0.7571173022760143,0.6669384930931376,0.6330953224962441
1,601,chi2,NaiveBayes,0.5676625659050967,0.7136580086580087,0.5609923381117152,0.46926471926471924
1,601,chi2,KNN,0.7469244288224957,0.750437117522168,0.747806475531389,0.7464349376114082
1,601,chi2,RandomForest,0.7943760984182777,0.7960455847552622,0.7937407315867524,0.7938029058944871
1,601,chi2,LogisticRegression,0.7504393673110721,0.7521777655750799,0.7497095897182402,0.7495971140972877
1,601,chi2,DecisionTree,0.7539543057996485,0.7549232911455355,0.7533922392486406,0.7533990440575546
1,601,chi2,SimpleLogistic,0.7609841827768014,0.7619974140288932,0.7604238754325259,0.7604447856559102
1,601,chi2,JRIP,0.6695957820738138,0.7369437358276645,0.6652867029164607,0.6408407198495838
2,601,chi2,NaiveBayes,0.5834797891036907,0.730176138251911,0.5855716721441103,0.5070892044519985
2,601,chi2,KNN,0.7644991212653779,0.7752080274106705,0.7639736588499839,0.7619395528912201
2,601,chi2,RandomForest,0.7978910369068541,0.7978908740455186,0.7978761521164348,0.7978810483559591
2,601,chi2,LogisticRegression,0.7750439367311072,0.7751544735541276,0.7750932812770268,0.7750376831648916
2,601,chi2,DecisionTree,0.7697715289982425,0.7705057084127889,0.7699041241444069,0.7696690841334046
2,601,chi2,SimpleLogistic,0.7803163444639719,0.7810743208103221,0.7804492327460525,0.7802185917303479
2,601,chi2,JRIP,0.6906854130052724,0.747175815433572,0.6919370382267909,0.6728090122585535
3,601,chi2,NaiveBayes,0.5553602811950791,0.7174025974025974,0.5620612951062778,0.462977262977263
3,601,chi2,KNN,0.7715289982425307,0.7725178929641645,0.7719723183391003,0.7714718240237272
3,601,chi2,RandomForest,0.7803163444639719,0.782710047989656,0.7810121107266436,0.7800962784097056
3,601,chi2,LogisticRegression,0.7451669595782073,0.7470193740685545,0.7457983193277311,0.7449653019273272
3,601,chi2,DecisionTree,0.7381370826010545,0.7431539543764445,0.739211566979733,0.7373062276714476
3,601,chi2,SimpleLogistic,0.7521968365553603,0.7526586536083494,0.752496292634701,0.7521845897233934
3,601,chi2,JRIP,0.6748681898066784,0.7364379084967321,0.6788185862580327,0.6551684601903265
4,601,chi2,NaiveBayes,0.5606326889279437,0.6834807704372922,0.5723277439778404,0.48902985717980396
4,601,chi2,KNN,0.7381370826010545,0.7384330202669303,0.7385863382302023,0.7381241409133731
4,601,chi2,RandomForest,0.7873462214411248,0.7878377710202972,0.7879445516149775,0.7873435941153396
4,601,chi2,LogisticRegression,0.7644991212653779,0.7644736842105263,0.7647091556610772,0.7644401878398417
4,601,chi2,DecisionTree,0.7311072056239016,0.7319745144129655,0.7318655092249098,0.7311038834681567
4,601,chi2,SimpleLogistic,0.7662565905096661,0.7662836669137633,0.7665207498639759,0.7662103757526328
4,601,chi2,JRIP,0.6537785588752196,0.7270126898273351,0.6619305534945839,0.630086626515964
5,601,chi2,NaiveBayes,0.546572934973638,0.6653502998391108,0.5558975500012361,0.46253148614609574
5,601,chi2,KNN,0.7750439367311072,0.7750247096614776,0.7751674948700833,0.77500988533017
5,601,chi2,RandomForest,0.8014059753954306,0.801529641436232,0.8016638235803111,0.8013961605584643
5,601,chi2,LogisticRegression,0.7609841827768014,0.7609039464254825,0.76102004993943,0.7609243697478991
5,601,chi2,DecisionTree,0.773286467486819,0.774873555808995,0.7740920665529432,0.7732164208848147
5,601,chi2,SimpleLogistic,0.7592267135325131,0.7592684316104906,0.7588197483250513,0.758928875158105
5,601,chi2,JRIP,0.6608084358523726,0.7121434431402247,0.6662154812232688,0.6433181220260812
6,601,chi2,NaiveBayes,0.5950704225352113,0.7255519044754015,0.5608221947658093,0.4813156097638445
6,601,chi2,KNN,0.772887323943662,0.7738666530528895,0.7677998677100104,0.7692823608316566
6,601,chi2,RandomForest,0.7887323943661971,0.7873376015575274,0.7873376015575274,0.7873376015575274
6,601,chi2,LogisticRegression,0.7799295774647887,0.7800664199158343,0.775749747276199,0.7770093499037372
6,601,chi2,DecisionTree,0.7464788732394366,0.744823287415072,0.7450921661861795,0.7449483610237988
6,601,chi2,SimpleLogistic,0.7605633802816901,0.7591304892564055,0.7581214821470915,0.7585396349087272
6,601,chi2,JRIP,0.6971830985915493,0.7541851015801354,0.6756648819998252,0.6625354058721934
7,601,chi2,NaiveBayes,0.5845070422535211,0.7541666666666667,0.578670634920635,0.49420429847862835
7,601,chi2,KNN,0.7816901408450704,0.7816670801290002,0.7815972222222223,0.7816224529027297
7,601,chi2,RandomForest,0.8063380281690141,0.807125429467709,0.805952380952381,0.8060470602843484
7,601,chi2,LogisticRegression,0.7869718309859155,0.7877887788778878,0.7865575396825397,0.7866219593598163
7,601,chi2,DecisionTree,0.7834507042253521,0.7838706468898808,0.7831349206349206,0.7832081250407277
7,601,chi2,SimpleLogistic,0.7904929577464789,0.7906562364189482,0.7902777777777779,0.7903467442516882
7,601,chi2,JRIP,0.6795774647887324,0.7369158878504674,0.6760416666666667,0.6562383612662942
8,601,chi2,NaiveBayes,0.5334507042253521,0.7155924695459579,0.560586067818553,0.44843254731673354
8,601,chi2,KNN,0.7852112676056338,0.7852112676056338,0.786361599362645,0.7849953459509773
8,601,chi2,RandomForest,0.801056338028169,0.802020916297592,0.8030548224866803,0.8009816962942979
8,601,chi2,LogisticRegression,0.7552816901408451,0.7553964416341207,0.756423343126027,0.7550622799261637
8,601,chi2,DecisionTree,0.7605633802816901,0.76363093163372,0.76363093163372,0.7605633802816901
8,601,chi2,SimpleLogistic,0.7464788732394366,0.7456676101097373,0.7463526365582831,0.7458612975391499
8,601,chi2,JRIP,0.6619718309859155,0.7275917065390749,0.6776378031170642,0.647259742276044
9,601,chi2,NaiveBayes,0.6109154929577465,0.7532091699809229,0.5972118774517106,0.5321966944304695
9,601,chi2,KNN,0.7552816901408451,0.7553468476845824,0.7556606584239536,0.7552202342013313
9,601,chi2,RandomForest,0.7887323943661971,0.7887765772046009,0.7879735835940216,0.7882177479492916
9,601,chi2,LogisticRegression,0.7394366197183099,0.7391196343402225,0.7389890262674412,0.7390451356553052
9,601,chi2,DecisionTree,0.7359154929577465,0.7356716417910447,0.7352152539848056,0.735360989973536
9,601,chi2,SimpleLogistic,0.7482394366197183,0.7480811437499224,0.7483613883509608,0.7481074878665239
9,601,chi2,JRIP,0.6901408450704225,0.770014880952381,0.6801976264958538,0.6580513634435673
0,601,f_classif,NaiveBayes,0.5659050966608085,0.6895370807746812,0.5694084068500259,0.48629128058921367
0,601,f_classif,KNN,0.7592267135325131,0.7592352359772672,0.7592544542466702,0.7592237387917482
0,601,f_classif,RandomForest,0.7855887521968365,0.7856860419137999,0.7856648627276546,0.7855880899431676
0,601,f_classif,LogisticRegression,0.7451669595782073,0.7451754385964913,0.7451936145501272,0.7451638111299524
0,601,f_classif,DecisionTree,0.7574692442882249,0.7589870903674281,0.7577902982677243,0.7572525597269626
0,601,f_classif,SimpleLogistic,0.7469244288224957,0.7469167078596144,0.7468739960955841,0.7468861209964412
0,601,f_classif,JRIP,0.671353251318102,0.7580500238383394,0.6738762448414758,0.6431357555146382
1,601,f_classif,NaiveBayes,0.5676625659050967,0.7053371020034915,0.5610479485912012,0.47122155399075216
1,601,f_classif,KNN,0.7486818980667839,0.7516014855803983,0.7494809688581315,0.7483056326308397
1,601,f_classif,RandomForest,0.7978910369068541,0.7992797432452605,0.797312160158181,0.7974004340866377
1,601,f_classif,LogisticRegression,0.7504393673110721,0.7521777655750799,0.7497095897182402,0.7495971140972877
1,601,f_classif,DecisionTree,0.7574692442882249,0.7578779689591908,0.757074888779041,0.757138438698503
1,601,f_classif,SimpleLogistic,0.7609841827768014,0.7619974140288932,0.7604238754325259,0.7604447856559102
1,601,f_classif,JRIP,0.6836555360281195,0.749210842340024,0.6795168067226891,0.6582993033869805
2,601,f_classif,NaiveBayes,0.5834797891036907,0.730176138251911,0.5855716721441103,0.5070892044519985
2,601,f_classif,KNN,0.7627416520210897,0.7689083080040526,0.7623366033260026,0.761180804924684
2,601,f_classif,RandomForest,0.8084358523725835,0.808536675813988,0.8083841953099904,0.8083979771205788
2,601,f_classif,LogisticRegression,0.773286467486819,0.7733602708580467,0.77332649682473,0.7732836664535438
2,601,f_classif,DecisionTree,0.7680140597539543,0.7681228373702422,0.7680632088759297,0.7680076107637945
2,601,f_classif,SimpleLogistic,0.7803163444639719,0.7810743208103221,0.7804492327460525,0.7802185917303479
2,601,f_classif,JRIP,0.6731107205623902,0.7285614819132744,0.6743989226321382,0.6529941768964432
3,601,f_classif,NaiveBayes,0.5553602811950791,0.7174025974025974,0.5620612951062778,0.462977262977263
3,601,f_classif,KNN,0.7574692442882249,0.7577184526016562,0.7576866040533861,0.757468495181616
3,601,f_classif,RandomForest,0.773286467486819,0.7741632006337889,0.7737024221453288,0.7732416426472906
3,601,f_classif,LogisticRegression,0.7451669595782073,0.7470193740685545,0.7457983193277311,0.7449653019273272
3,601,f_classif,DecisionTree,0.7398945518453427,0.744691265060241,0.7409416707859615,0.7391201982651797
3,601,f_classif,SimpleLogistic,0.7521968365553603,0.7526586536083494,0.752496292634701,0.7521845897233934
3,601,f_classif,JRIP,0.664323374340949,0.7475806451612903,0.6688272367770638,0.6370409952408783
4,601,f_classif,NaiveBayes,0.5606326889279437,0.6834807704372922,0.5723277439778404,0.48902985717980396
4,601,f_classif,KNN,0.7434094903339191,0.7452563434779373,0.7445466686451996,0.7433452792881858
4,601,f_classif,RandomForest,0.7768014059753954,0.7769540613339264,0.7771800959588465,0.7767765850644837
4,601,f_classif,LogisticRegression,0.7609841827768014,0.760873057058838,0.7610859672552801,0.760894821406501
4,601,f_classif,DecisionTree,0.7363796133567663,0.7381997668477317,0.737510510956126,0.7363136431043005
4,601,f_classif,SimpleLogistic,0.7662565905096661,0.7662836669137633,0.7665207498639759,0.7662103757526328
4,601,f_classif,JRIP,0.6572934973637962,0.7525273403735578,0.6661843992679428,0.6286609303306259
5,601,f_classif,NaiveBayes,0.5483304042179262,0.6568256967406707,0.5574550668743357,0.46894077229527775
5,601,f_classif,KNN,0.7644991212653779,0.7644798616258957,0.7646171722415882,0.7644634737050218
5,601,f_classif,RandomForest,0.7908611599297012,0.7907489803485355,0.7907921085811762,0.7907680993272912
5,601,f_classif,LogisticRegression,0.7592267135325131,0.7591253954132069,0.7592214887883508,0.7591523229551906
5,601,f_classif,DecisionTree,0.7768014059753954,0.7776011381912655,0.7773677964844619,0.7767903751409289
5,601,f_classif,SimpleLogistic,0.7592267135325131,0.7592684316104906,0.7588197483250513,0.758928875158105
5,601,f_classif,JRIP,0.6660808435852372,0.7352324952689917,0.6720932532324655,0.6442345662761617
6,601,f_classif,NaiveBayes,0.596830985915493,0.727548433822198,0.5627379035780699,0.484657229228325
6,601,f_classif,KNN,0.7447183098591549,0.7431285166558781,0.7437505460082119,0.7433812234571249
6,601,f_classif,RandomForest,0.7799295774647887,0.7784965034965035,0.7783331461305179,0.7784123714557682
6,601,f_classif,LogisticRegression,0.7764084507042254,0.776183970856102,0.772492418285971,0.7736235113210213
6,601,f_classif,DecisionTree,0.7535211267605634,0.7518938684837819,0.7518938684837819,0.7518938684837819
6,601,f_classif,SimpleLogistic,0.7623239436619719,0.7608673878205128,0.760037190959352,0.7603922218090575
6,601,f_classif,JRIP,0.6778169014084507,0.7688029661016949,0.6520086862106406,0.6262391991456403
7,601,f_classif,NaiveBayes,0.5880281690140845,0.756061776061776,0.5822420634920635,0.5002932551319648
7,601,f_classif,KNN,0.7517605633802817,0.7607373330777586,0.7530257936507936,0.750192608211504
7,601,f_classif,RandomForest,0.8098591549295775,0.811180960933992,0.809375,0.8094599127809461
7,601,f_classif,LogisticRegression,0.7869718309859155,0.7877887788778878,0.7865575396825397,0.7866219593598163
7,601,f_classif,DecisionTree,0.7869718309859155,0.7880259303122857,0.7865079365079365,0.7865583433488923
7,601,f_classif,SimpleLogistic,0.7904929577464789,0.7906562364189482,0.7902777777777779,0.7903467442516882
7,601,f_classif,JRIP,0.6866197183098591,0.76171875,0.6827876984126984,0.659609997845292
8,601,f_classif,NaiveBayes,0.5334507042253521,0.7155924695459579,0.560586067818553,0.44843254731673354
8,601,f_classif,KNN,0.7711267605633803,0.7788204456094364,0.7648259722153065,0.7660092278051006
8,601,f_classif,RandomForest,0.8098591549295775,0.8103670634920634,0.8115570382910919,0.8097435706576352
8,601,f_classif,LogisticRegression,0.7535211267605634,0.7540178571428571,0.7549917840960017,0.7533712952969345
8,601,f_classif,DecisionTree,0.7711267605633803,0.7733532189908029,0.7737887765772046,0.7711154094132817
8,601,f_classif,SimpleLogistic,0.7464788732394366,0.7456676101097373,0.7463526365582831,0.7458612975391499
8,601,f_classif,JRIP,0.6654929577464789,0.7417840375586855,0.6820694119404471,0.6487527990418163
9,601,f_classif,NaiveBayes,0.6197183098591549,0.7585415912109139,0.6063359650429515,0.5466745492166717
9,601,f_classif,KNN,0.7323943661971831,0.7321393034825872,0.7316897561944485,0.73183246983985
9,601,f_classif,RandomForest,0.778169014084507,0.7779766343524732,0.7776453647152292,0.7777722575516692
9,601,f_classif,LogisticRegression,0.7376760563380281,0.7373502204010678,0.7372883459953324,0.7373169906543797
9,601,f_classif,DecisionTree,0.7306338028169014,0.7303104849230311,0.7301132131684791,0.7301914031574536
9,601,f_classif,SimpleLogistic,0.7482394366197183,0.7480811437499224,0.7483613883509608,0.7481074878665239
9,601,f_classif,JRIP,0.6778169014084507,0.7656770556114101,0.6672997666219772,0.6405001124042402
0,801,chi2,NaiveBayes,0.546572934973638,0.6537398743281095,0.550182865050535,0.4570931952662721
0,801,chi2,KNN,0.7539543057996485,0.7554555610724926,0.7542750883435886,0.7537344808824257
0,801,chi2,RandomForest,0.7908611599297012,0.7912524113369936,0.7910149010304692,0.7908379025407367
0,801,chi2,LogisticRegression,0.7381370826010545,0.7383618878093401,0.7382558628017891,0.7381241409133732
0,801,chi2,DecisionTree,0.7557117750439367,0.7563997821350763,0.755924580522401,0.7556362984727848
0,801,chi2,SimpleLogistic,0.7469244288224957,0.7469167078596144,0.7468739960955841,0.7468861209964412
0,801,chi2,JRIP,0.664323374340949,0.7390873015873016,0.6667531568932711,0.6377909980169642
1,801,chi2,NaiveBayes,0.5571177504393673,0.6924858223062382,0.5503336628769154,0.4522157701711491
1,801,chi2,KNN,0.7469244288224957,0.7528974552784077,0.7480845279288186,0.7459632413125976
1,801,chi2,RandomForest,0.8014059753954306,0.8028188286808977,0.8008279782501235,0.8009239047981744
1,801,chi2,LogisticRegression,0.7469244288224957,0.7496363636363637,0.7460269401878399,0.7457298907646475
1,801,chi2,DecisionTree,0.7609841827768014,0.7619974140288932,0.7604238754325259,0.7604447856559102
1,801,chi2,SimpleLogistic,0.7627416520210897,0.7636496930838241,0.7622095897182402,0.762245229583546
1,801,chi2,JRIP,0.648506151142355,0.7367354007905782,0.6435800790904597,0.6079539190827912
2,801,chi2,NaiveBayes,0.5694200351493849,0.7118070791282727,0.5715671254540512,0.4853264220393486
2,801,chi2,KNN,0.789103690685413,0.7919695266641689,0.7888383701104549,0.7884758364312267
2,801,chi2,RandomForest,0.8084358523725835,0.8084321719792439,0.8084397934221256,0.8084334856080332
2,801,chi2,LogisticRegression,0.7609841827768014,0.7622645723218938,0.7611628654031481,0.7607706385714992
2,801,chi2,DecisionTree,0.7504393673110721,0.7508783867375974,0.7505436259853221,0.7503769154720712
2,801,chi2,SimpleLogistic,0.7768014059753954,0.7773611523611523,0.7769156638414589,0.7767324453672206
2,801,chi2,JRIP,0.6748681898066784,0.7700155056349747,0.676425164941066,0.6446211238837967
3,801,chi2,NaiveBayes,0.546572934973638,0.6994410569105691,0.55335516559565,0.44943744374437444
3,801,chi2,KNN,0.7662565905096661,0.7671197266785502,0.7666707859614434,0.7662103757526328
3,801,chi2,RandomForest,0.7662565905096661,0.7676154113155154,0.7667820069204152,0.7661525816010901
3,801,chi2,LogisticRegression,0.7451669595782073,0.7470193740685545,0.7457983193277311,0.7449653019273272
3,801,chi2,DecisionTree,0.7346221441124781,0.7361348916846572,0.7351952545724172,0.7344613910651646
3,801,chi2,SimpleLogistic,0.7504393673110721,0.7509833024118738,0.7507661888284726,0.7504200953863642
3,801,chi2,JRIP,0.6625659050966608,0.7526704014939309,0.6672083539298073,0.6331990330378727
4,801,chi2,NaiveBayes,0.5307557117750439,0.6343352601156069,0.5431072859474699,0.442862643709775
4,801,chi2,KNN,0.7205623901581723,0.7208351992834752,0.7195244101498739,0.7196757731527529
4,801,chi2,RandomForest,0.7873462214411248,0.7876544735541275,0.7878394420537171,0.7873357117484441
4,801,chi2,LogisticRegression,0.773286467486819,0.7732153006004596,0.7734517979917891,0.7732164208848147
4,801,chi2,DecisionTree,0.7434094903339191,0.7441805813234385,0.7441262304001584,0.7434086978008401
4,801,chi2,SimpleLogistic,0.7662565905096661,0.7662836669137633,0.7665207498639759,0.7662103757526328
4,801,chi2,JRIP,0.6608084358523726,0.7161893396976929,0.6680207251323145,0.6433181220260812
5,801,chi2,NaiveBayes,0.5325131810193322,0.6283405253993489,0.5419108012559025,0.4440256839754327
5,801,chi2,KNN,0.7627416520210897,0.7627625401531999,0.762898959183169,0.7627152675882307
5,801,chi2,RandomForest,0.7926186291739895,0.792540835742704,0.7926710178249153,0.7925667325753831
5,801,chi2,LogisticRegression,0.7574692442882249,0.7574499629355078,0.7575836238225915,0.7574325326215896
5,801,chi2,DecisionTree,0.7873462214411248,0.7886783104174409,0.7880788152982768,0.7873041764366058
5,801,chi2,SimpleLogistic,0.7557117750439367,0.7557455608113128,0.7553029741155529,0.7554095886640627
5,801,chi2,JRIP,0.6590509666080844,0.7357117688513037,0.6653810971841084,0.6339501260114073
6,801,chi2,NaiveBayes,0.5827464788732394,0.6831439393939394,0.5482733660314251,0.46439612469413327
6,801,chi2,KNN,0.7535211267605634,0.7522213983183983,0.7504586468980494,0.7511017628205128
6,801,chi2,RandomForest,0.7799295774647887,0.7784638028239286,0.7786201904476644,0.7785395462867943
6,801,chi2,LogisticRegression,0.772887323943662,0.7731707317073171,0.7683739563443035,0.7696826818803337
6,801,chi2,DecisionTree,0.7623239436619719,0.7608706467661691,0.7617594568622312,0.7611981202293345
6,801,chi2,SimpleLogistic,0.7623239436619719,0.7612201257861635,0.7591760580079124,0.7599060665362034
6,801,chi2,JRIP,0.6813380281690141,0.7568610634648371,0.6569882811037477,0.6357206889587312
7,801,chi2,NaiveBayes,0.5809859154929577,0.7522072297184741,0.5750992063492064,0.48805574490646064
7,801,chi2,KNN,0.8045774647887324,0.8050565080628116,0.8042658730158729,0.8043585518660226
7,801,chi2,RandomForest,0.8204225352112676,0.8212667430164816,0.8200396825396825,0.8201527286273049
7,801,chi2,LogisticRegression,0.7799295774647887,0.7812035893019831,0.7794146825396826,0.7794311809751626
7,801,chi2,DecisionTree,0.7834507042253521,0.7850395471754694,0.7828869047619047,0.7828847390943586
7,801,chi2,SimpleLogistic,0.7887323943661971,0.7888425443169969,0.7885416666666667,0.7886039673973725
7,801,chi2,JRIP,0.6795774647887324,0.7665160075329567,0.6754960317460318,0.6480505508572674
8,801,chi2,NaiveBayes,0.5246478873239436,0.7086395233366435,0.5523079221231888,0.4333431865208395
8,801,chi2,KNN,0.7464788732394366,0.7541052853899362,0.7396305332868596,0.7402439024390245
8,801,chi2,RandomForest,0.8063380281690141,0.8065764023210832,0.8077976397948514,0.8061842366487989
8,801,chi2,LogisticRegression,0.7676056338028169,0.7681051587301587,0.7691330976447742,0.7674643641371097
8,801,chi2,DecisionTree,0.7658450704225352,0.7678569209934524,0.7683737489418911,0.7658269244479989
8,801,chi2,SimpleLogistic,0.7447183098591549,0.7442360878570278,0.7451451476373052,0.7442990422080442
8,801,chi2,JRIP,0.6778169014084507,0.7444444444444445,0.6932106756958621,0.6645398654209227
9,801,chi2,NaiveBayes,0.5915492957746479,0.7246000864677907,0.5773871592432593,0.5027771069789906
9,801,chi2,KNN,0.7376760563380281,0.7540847862088751,0.7418814241024877,0.7353720119444054
9,801,chi2,RandomForest,0.7816901408450704,0.7815063385533184,0.7811708625055862,0.7812996820349761
9,801,chi2,LogisticRegression,0.7429577464788732,0.7426470588235294,0.7425145240577983,0.7425715527410442
9,801,chi2,DecisionTree,0.7411971830985915,0.7409394387736072,0.7405655692934108,0.7406948468784065
9,801,chi2,SimpleLogistic,0.75,0.7498884094628775,0.750186205869209,0.7498883651699331
9,801,chi2,JRIP,0.676056338028169,0.7796011108305984,0.6649784001191718,0.6342665173572228
0,801,f_classif,NaiveBayes,0.546572934973638,0.6537398743281095,0.550182865050535,0.4570931952662721
0,801,f_classif,KNN,0.7539543057996485,0.7554555610724926,0.7542750883435886,0.7537344808824257
0,801,f_classif,RandomForest,0.7978910369068541,0.7979526527788074,0.7979526527788074,0.7978910369068541
0,801,f_classif,LogisticRegression,0.7381370826010545,0.7383618878093401,0.7382558628017891,0.7381241409133732
0,801,f_classif,DecisionTree,0.7521968365553603,0.7541338240047741,0.7525638174314875,0.7518903021700205
0,801,f_classif,SimpleLogistic,0.7469244288224957,0.7469167078596144,0.7468739960955841,0.7468861209964412
0,801,f_classif,JRIP,0.6678383128295254,0.7414228140879622,0.6702374774507623,0.6423133337989803
1,801,f_classif,NaiveBayes,0.5571177504393673,0.6924858223062382,0.5503336628769154,0.4522157701711491
1,801,f_classif,KNN,0.7469244288224957,0.7528974552784077,0.7480845279288186,0.7459632413125976
1,801,f_classif,RandomForest,0.8014059753954306,0.8025360968214916,0.8008835887296095,0.8009904514291905
1,801,f_classif,LogisticRegression,0.7469244288224957,0.7496363636363637,0.7460269401878399,0.7457298907646475
1,801,f_classif,DecisionTree,0.7574692442882249,0.7587067463281056,0.7568524468610973,0.7568376068376068
1,801,f_classif,SimpleLogistic,0.7627416520210897,0.7636496930838241,0.7622095897182402,0.762245229583546
1,801,f_classif,JRIP,0.6766256590509666,0.7554461436901749,0.6721515076618882,0.6461442786069651
2,801,f_classif,NaiveBayes,0.5694200351493849,0.7118070791282727,0.5715671254540512,0.4853264220393486
2,801,f_classif,KNN,0.789103690685413,0.7919695266641689,0.7888383701104549,0.7884758364312267
2,801,f_classif,RandomForest,0.8066783831282952,0.8066839634297011,0.8066915416738738,0.8066777860143316
2,801,f_classif,LogisticRegression,0.7609841827768014,0.7622645723218938,0.7611628654031481,0.7607706385714992
2,801,f_classif,DecisionTree,0.7574692442882249,0.7579178522825684,0.7575736983864192,0.7574085516559566
2,801,f_classif,SimpleLogistic,0.7768014059753954,0.7773611523611523,0.7769156638414589,0.7767324453672206
2,801,f_classif,JRIP,0.680140597539543,0.7422320810106541,0.6814660604413254,0.6592141634855864
3,801,f_classif,NaiveBayes,0.546572934973638,0.6994410569105691,0.55335516559565,0.44943744374437444
3,801,f_classif,KNN,0.7662565905096661,0.7671197266785502,0.7666707859614434,0.7662103757526328
3,801,f_classif,RandomForest,0.773286467486819,0.7746690137353102,0.7738136431043006,0.7731855866657189
3,801,f_classif,LogisticRegression,0.7451669595782073,0.7470193740685545,0.7457983193277311,0.7449653019273272
3,801,f_classif,DecisionTree,0.7451669595782073,0.7473394335728671,0.745853929807217,0.7449116829552587
3,801,f_classif,SimpleLogistic,0.7504393673110721,0.7509833024118738,0.7507661888284726,0.7504200953863642
3,801,f_classif,JRIP,0.6625659050966608,0.7464818258048052,0.6670971329708354,0.6347588863034582
4,801,f_classif,NaiveBayes,0.5307557117750439,0.6343352601156069,0.5431072859474699,0.442862643709775
4,801,f_classif,KNN,0.7205623901581723,0.7208351992834752,0.7195244101498739,0.7196757731527529
4,801,f_classif,RandomForest,0.7838312829525483,0.7841386554621849,0.7843213632091803,0.783820599545939
4,801,f_classif,LogisticRegression,0.773286467486819,0.7732153006004596,0.7734517979917891,0.7732164208848147
4,801,f_classif,DecisionTree,0.7346221441124781,0.7354942471854509,0.7353835880694466,0.7346188653836057
4,801,f_classif,SimpleLogistic,0.7662565905096661,0.7662836669137633,0.7665207498639759,0.7662103757526328
4,801,f_classif,JRIP,0.6520210896309314,0.746133045911807,0.6609598357817679,0.6225475743768426
5,801,f_classif,NaiveBayes,0.5325131810193322,0.6283405253993489,0.5419108012559025,0.4440256839754327
5,801,f_classif,KNN,0.7627416520210897,0.7627625401531999,0.762898959183169,0.7627152675882307
5,801,f_classif,RandomForest,0.7943760984182777,0.7944992215879605,0.7946302751613142,0.7943659361534541
5,801,f_classif,LogisticRegression,0.7574692442882249,0.7574499629355078,0.7575836238225915,0.7574325326215896
5,801,f_classif,DecisionTree,0.7803163444639719,0.7819271582287897,0.78112561497194,0.7802484698496266
5,801,f_classif,SimpleLogistic,0.7557117750439367,0.7557455608113128,0.7553029741155529,0.7554095886640627
5,801,f_classif,JRIP,0.6766256590509666,0.7202895289528952,0.6815187025637222,0.6633482533312753
6,801,f_classif,NaiveBayes,0.5827464788732394,0.6831439393939394,0.5482733660314251,0.46439612469413327
6,801,f_classif,KNN,0.7535211267605634,0.7522213983183983,0.7504586468980494,0.7511017628205128
6,801,f_classif,RandomForest,0.7816901408450704,0.7802976346665667,0.7799618106256319,0.7801198801198801
6,801,f_classif,LogisticRegression,0.772887323943662,0.7731707317073171,0.7683739563443035,0.7696826818803337
6,801,f_classif,DecisionTree,0.7693661971830986,0.7678366511999202,0.7679870705255407,0.7679094445085606
6,801,f_classif,SimpleLogistic,0.7623239436619719,0.7612201257861635,0.7591760580079124,0.7599060665362034
6,801,f_classif,JRIP,0.6954225352112676,0.7354138851802403,0.676045527724737,0.6666022019780481
7,801,f_classif,NaiveBayes,0.5809859154929577,0.7522072297184741,0.5750992063492064,0.48805574490646064
7,801,f_classif,KNN,0.8045774647887324,0.8050565080628116,0.8042658730158729,0.8043585518660226
7,801,f_classif,RandomForest,0.823943661971831,0.8248020714036748,0.823561507936508,0.8236791457130441
7,801,f_classif,LogisticRegression,0.7799295774647887,0.7812035893019831,0.7794146825396826,0.7794311809751626
7,801,f_classif,DecisionTree,0.7816901408450704,0.7831168831168831,0.7811507936507937,0.7811583395476014
7,801,f_classif,SimpleLogistic,0.7887323943661971,0.7888425443169969,0.7885416666666667,0.7886039673973725
7,801,f_classif,JRIP,0.6936619718309859,0.7661245482346399,0.6899305555555556,0.6686692055999571
8,801,f_classif,NaiveBayes,0.5246478873239436,0.7086395233366435,0.5523079221231888,0.4333431865208395
8,801,f_classif,KNN,0.7464788732394366,0.7541052853899362,0.7396305332868596,0.7402439024390245
8,801,f_classif,RandomForest,0.8063380281690141,0.8068452380952381,0.8080217099038989,0.8062203034475914
8,801,f_classif,LogisticRegression,0.7676056338028169,0.7681051587301587,0.7691330976447742,0.7674643641371097
8,801,f_classif,DecisionTree,0.7676056338028169,0.7698235147899577,0.7702534481900114,0.7675941080196399
8,801,f_classif,SimpleLogistic,0.7447183098591549,0.7442360878570278,0.7451451476373052,0.7442990422080442
8,801,f_classif,JRIP,0.6637323943661971,0.7460582248039698,0.6808619230194692,0.6454443547517346
9,801,f_classif,NaiveBayes,0.5915492957746479,0.7246000864677907,0.5773871592432593,0.5027771069789906
9,801,f_classif,KNN,0.7376760563380281,0.7540847862088751,0.7418814241024877,0.7353720119444054
9,801,f_classif,RandomForest,0.7887323943661971,0.7885035771065183,0.7883459953324395,0.7884149748556528
9,801,f_classif,LogisticRegression,0.7429577464788732,0.7426470588235294,0.7425145240577983,0.7425715527410442
9,801,f_classif,DecisionTree,0.7447183098591549,0.7446354069369201,0.7438427925914891,0.7440511151925365
9,801,f_classif,SimpleLogistic,0.75,0.7498884094628775,0.750186205869209,0.7498883651699331
9,801,f_classif,JRIP,0.6813380281690141,0.7678401244772926,0.6709494016584736,0.6453221004405529
0,1001,chi2,NaiveBayes,0.546572934973638,0.6537398743281095,0.550182865050535,0.4570931952662721
0,1001,chi2,KNN,0.7539543057996485,0.7554555610724926,0.7542750883435886,0.7537344808824257
0,1001,chi2,RandomForest,0.7943760984182777,0.7949399975256712,0.7945610003212493,0.7943354433312635
0,1001,chi2,LogisticRegression,0.7381370826010545,0.7383618878093401,0.7382558628017891,0.7381241409133732
0,1001,chi2,DecisionTree,0.7539543057996485,0.7549504337050805,0.7542133096102998,0.7538258053351135
0,1001,chi2,SimpleLogistic,0.7469244288224957,0.7469167078596144,0.7468739960955841,0.7468861209964412
0,1001,chi2,JRIP,0.6748681898066784,0.741047109855745,0.6771443398324561,0.6526194208398646
1,1001,chi2,NaiveBayes,0.5571177504393673,0.6924858223062382,0.5503336628769154,0.4522157701711491
1,1001,chi2,KNN,0.7469244288224957,0.7528974552784077,0.7480845279288186,0.7459632413125976
1,1001,chi2,RandomForest,0.7961335676625659,0.7971063089915549,0.7956376668314384,0.7957392552980789
1,1001,chi2,LogisticRegression,0.7469244288224957,0.7496363636363637,0.7460269401878399,0.7457298907646475
1,1001,chi2,DecisionTree,0.7539543057996485,0.7551655464276823,0.7533366287691547,0.7533135141830795
1,1001,chi2,SimpleLogistic,0.7627416520210897,0.7636496930838241,0.7622095897182402,0.762245229583546
1,1001,chi2,JRIP,0.680140597539543,0.749395479236026,0.6758897676717746,0.6530487804878049
2,1001,chi2,NaiveBayes,0.5694200351493849,0.7118070791282727,0.5715671254540512,0.4853264220393486
2,1001,chi2,KNN,0.789103690685413,0.7919695266641689,0.7888383701104549,0.7884758364312267
2,1001,chi2,RandomForest,0.7996485061511424,0.7996614274416766,0.7996244038646865,0.7996330343242641
2,1001,chi2,LogisticRegression,0.7609841827768014,0.7622645723218938,0.7611628654031481,0.7607706385714992
2,1001,chi2,DecisionTree,0.7557117750439367,0.7566171003717472,0.7558625120462577,0.7555637970732311
2,1001,chi2,SimpleLogistic,0.7768014059753954,0.7773611523611523,0.7769156638414589,0.7767324453672206
2,1001,chi2,JRIP,0.6660808435852372,0.751781737193764,0.667609775383627,0.6362284314517215
3,1001,chi2,NaiveBayes,0.546572934973638,0.6994410569105691,0.55335516559565,0.44943744374437444
3,1001,chi2,KNN,0.7662565905096661,0.7671197266785502,0.7666707859614434,0.7662103757526328
3,1001,chi2,RandomForest,0.7768014059753954,0.7788189269746646,0.777440682155215,0.7766247816880727
3,1001,chi2,LogisticRegression,0.7451669595782073,0.7470193740685545,0.7457983193277311,0.7449653019273272
3,1001,chi2,DecisionTree,0.7275922671353251,0.7290751631554133,0.7281636183885318,0.7274272557291426
3,1001,chi2,SimpleLogistic,0.7504393673110721,0.7509833024118738,0.7507661888284726,0.7504200953863642
3,1001,chi2,JRIP,0.6748681898066784,0.7320889773383835,0.6787073652990607,0.6563751685235542
4,1001,chi2,NaiveBayes,0.5307557117750439,0.6343352601156069,0.5431072859474699,0.442862643709775
4,1001,chi2,KNN,0.7205623901581723,0.7208351992834752,0.7195244101498739,0.7196757731527529
4,1001,chi2,RandomForest,0.7803163444639719,0.7806228373702422,0.7808032843646436,0.7803054873434339
4,1001,chi2,LogisticRegression,0.773286467486819,0.7732153006004596,0.7734517979917891,0.7732164208848147
4,1001,chi2,DecisionTree,0.7486818980667839,0.7500929022668152,0.7496661225701142,0.7486539501119779
4,1001,chi2,SimpleLogistic,0.7662565905096661,0.7662836669137633,0.7665207498639759,0.7662103757526328
4,1001,chi2,JRIP,0.6520210896309314,0.7097836694860117,0.6594883019241233,0.6325440313111546
5,1001,chi2,NaiveBayes,0.5325131810193322,0.6283405253993489,0.5419108012559025,0.4440256839754327
5,1001,chi2,KNN,0.7627416520210897,0.7627625401531999,0.762898959183169,0.7627152675882307
5,1001,chi2,RandomForest,0.7855887521968365,0.7855104158944325,0.7856374694059185,0.7855350963914978
5,1001,chi2,LogisticRegression,0.7574692442882249,0.7574499629355078,0.7575836238225915,0.7574325326215896
5,1001,chi2,DecisionTree,0.7750439367311072,0.7759565884565884,0.7756495834260426,0.7750265648553143
5,1001,chi2,SimpleLogistic,0.7557117750439367,0.7557455608113128,0.7553029741155529,0.7554095886640627
5,1001,chi2,JRIP,0.648506151142355,0.72325150532654,0.6549111226482731,0.6218766613503455
6,1001,chi2,NaiveBayes,0.5827464788732394,0.6831439393939394,0.5482733660314251,0.46439612469413327
6,1001,chi2,KNN,0.7535211267605634,0.7522213983183983,0.7504586468980494,0.7511017628205128
6,1001,chi2,RandomForest,0.7834507042253521,0.7820061866985981,0.782164563755039,0.7820829135462057
6,1001,chi2,LogisticRegression,0.772887323943662,0.7731707317073171,0.7683739563443035,0.7696826818803337
6,1001,chi2,DecisionTree,0.7623239436619719,0.7610790937996821,0.7623335454965243,0.7614180504606424
6,1001,chi2,SimpleLogistic,0.7623239436619719,0.7612201257861635,0.7591760580079124,0.7599060665362034
6,1001,chi2,JRIP,0.6971830985915493,0.7350061703002879,0.678248280854144,0.6696423740734729
7,1001,chi2,NaiveBayes,0.5809859154929577,0.7522072297184741,0.5750992063492064,0.48805574490646064
7,1001,chi2,KNN,0.8045774647887324,0.8050565080628116,0.8042658730158729,0.8043585518660226
7,1001,chi2,RandomForest,0.823943661971831,0.8248020714036748,0.823561507936508,0.8236791457130441
7,1001,chi2,LogisticRegression,0.7799295774647887,0.7812035893019831,0.7794146825396826,0.7794311809751626
7,1001,chi2,DecisionTree,0.7799295774647887,0.7812035893019831,0.7794146825396826,0.7794311809751626
7,1001,chi2,SimpleLogistic,0.7887323943661971,0.7888425443169969,0.7885416666666667,0.7886039673973725
7,1001,chi2,JRIP,0.6883802816901409,0.7686410835214448,0.6844742063492064,0.6604144500177331
8,1001,chi2,NaiveBayes,0.5246478873239436,0.7086395233366435,0.5523079221231888,0.4333431865208395
8,1001,chi2,KNN,0.7464788732394366,0.7541052853899362,0.7396305332868596,0.7402439024390245
8,1001,chi2,RandomForest,0.8063380281690141,0.8071446291242867,0.8082457800129463,0.806251550483751
8,1001,chi2,LogisticRegression,0.7676056338028169,0.7681051587301587,0.7691330976447742,0.7674643641371097
8,1001,chi2,DecisionTree,0.772887323943662,0.7749139612608247,0.7754444057162775,0.7728697237127207
8,1001,chi2,SimpleLogistic,0.7447183098591549,0.7442360878570278,0.7451451476373052,0.7442990422080442
8,1001,chi2,JRIP,0.6690140845070423,0.7071115413084326,0.6811233381466912,0.6616133448258378
9,1001,chi2,NaiveBayes,0.5915492957746479,0.7246000864677907,0.5773871592432593,0.5027771069789906
9,1001,chi2,KNN,0.7376760563380281,0.7540847862088751,0.7418814241024877,0.7353720119444054
9,1001,chi2,RandomForest,0.7834507042253521,0.7833111611194689,0.782871542777695,0.7830303820819319
9,1001,chi2,LogisticRegression,0.7429577464788732,0.7426470588235294,0.7425145240577983,0.7425715527410442
9,1001,chi2,DecisionTree,0.7429577464788732,0.7432067932067932,0.7417697005809623,0.742033421678052
9,1001,chi2,SimpleLogistic,0.75,0.7498884094628775,0.750186205869209,0.7498883651699331
9,1001,chi2,JRIP,0.6830985915492958,0.7509875745169863,0.6735190426535578,0.6527173913043478
0,1001,f_classif,NaiveBayes,0.546572934973638,0.6537398743281095,0.550182865050535,0.4570931952662721
0,1001,f_classif,KNN,0.7539543057996485,0.7554555610724926,0.7542750883435886,0.7537344808824257
0,1001,f_classif,RandomForest,0.7943760984182777,0.7945192782995552,0.7944683322213162,0.7943735579462375
0,1001,f_classif,LogisticRegression,0.7381370826010545,0.7383618878093401,0.7382558628017891,0.7381241409133732
0,1001,f_classif,DecisionTree,0.7592267135325131,0.7594625330663305,0.7593471223466034,0.7592148141284035
0,1001,f_classif,SimpleLogistic,0.7469244288224957,0.7469167078596144,0.7468739960955841,0.7468861209964412
0,1001,f_classif,JRIP,0.6836555360281195,0.7252400240024002,0.6855153581930956,0.6696896204752445
1,1001,f_classif,NaiveBayes,0.5571177504393673,0.6924858223062382,0.5503336628769154,0.4522157701711491
1,1001,f_classif,KNN,0.7469244288224957,0.7528974552784077,0.7480845279288186,0.7459632413125976
1,1001,f_classif,RandomForest,0.789103690685413,0.7900397416790859,0.7886060306475531,0.7886957813428401
1,1001,f_classif,LogisticRegression,0.7469244288224957,0.7496363636363637,0.7460269401878399,0.7457298907646475
1,1001,f_classif,DecisionTree,0.7574692442882249,0.7580461053624159,0.7570192782995551,0.7570723195723196
1,1001,f_classif,SimpleLogistic,0.7627416520210897,0.7636496930838241,0.7622095897182402,0.762245229583546
1,1001,f_classif,JRIP,0.671353251318102,0.7616732650209594,0.6666275333662877,0.636583158290213
2,1001,f_classif,NaiveBayes,0.5694200351493849,0.7118070791282727,0.5715671254540512,0.4853264220393486
2,1001,f_classif,KNN,0.789103690685413,0.7919695266641689,0.7888383701104549,0.7884758364312267
2,1001,f_classif,RandomForest,0.804920913884007,0.80491722263405,0.804924757221577,0.8049185036925842
2,1001,f_classif,LogisticRegression,0.7609841827768014,0.7622645723218938,0.7611628654031481,0.7607706385714992
2,1001,f_classif,DecisionTree,0.7539543057996485,0.7543981195100828,0.7540586621858707,0.7538927335640138
2,1001,f_classif,SimpleLogistic,0.7768014059753954,0.7773611523611523,0.7769156638414589,0.7767324453672206
2,1001,f_classif,JRIP,0.6836555360281195,0.7322204631526665,0.6848513677135586,0.6670697456701513
3,1001,f_classif,NaiveBayes,0.546572934973638,0.6994410569105691,0.55335516559565,0.44943744374437444
3,1001,f_classif,KNN,0.7662565905096661,0.7671197266785502,0.7666707859614434,0.7662103757526328
3,1001,f_classif,RandomForest,0.773286467486819,0.7741632006337889,0.7737024221453288,0.7732416426472906
3,1001,f_classif,LogisticRegression,0.7451669595782073,0.7470193740685545,0.7457983193277311,0.7449653019273272
3,1001,f_classif,DecisionTree,0.7363796133567663,0.7390085938473036,0.7371478002965892,0.7360200420635903
3,1001,f_classif,SimpleLogistic,0.7504393673110721,0.7509833024118738,0.7507661888284726,0.7504200953863642
3,1001,f_classif,JRIP,0.648506151142355,0.7512339685236882,0.653478744438952,0.6127038579868769
4,1001,f_classif,NaiveBayes,0.5307557117750439,0.6343352601156069,0.5431072859474699,0.442862643709775
4,1001,f_classif,KNN,0.7205623901581723,0.7208351992834752,0.7195244101498739,0.7196757731527529
4,1001,f_classif,RandomForest,0.7785588752196837,0.7787848457888493,0.7789916901617451,0.7785417747794499
4,1001,f_classif,LogisticRegression,0.773286467486819,0.7732153006004596,0.7734517979917891,0.7732164208848147
4,1001,f_classif,DecisionTree,0.7486818980667839,0.7495731782753928,0.7494559034475936,0.7486787930454013
4,1001,f_classif,SimpleLogistic,0.7662565905096661,0.7662836669137633,0.7665207498639759,0.7662103757526328
4,1001,f_classif,JRIP,0.6362038664323374,0.7204517268593333,0.6450759262007222,0.605809295274049
5,1001,f_classif,NaiveBayes,0.5325131810193322,0.6283405253993489,0.5419108012559025,0.4440256839754327
5,1001,f_classif,KNN,0.7627416520210897,0.7627625401531999,0.762898959183169,0.7627152675882307
5,1001,f_classif,RandomForest,0.7838312829525483,0.7837164750957855,0.7837585601621795,0.7837350942626624
5,1001,f_classif,LogisticRegression,0.7574692442882249,0.7574499629355078,0.7575836238225915,0.7574325326215896
5,1001,f_classif,DecisionTree,0.7873462214411248,0.7884048821548821,0.787998467205617,0.7873225731716735
5,1001,f_classif,SimpleLogistic,0.7557117750439367,0.7557455608113128,0.7553029741155529,0.7554095886640627
5,1001,f_classif,JRIP,0.6731107205623902,0.7128254437869823,0.677841232168904,0.6606579453636015
6,1001,f_classif,NaiveBayes,0.5827464788732394,0.6831439393939394,0.5482733660314251,0.46439612469413327
6,1001,f_classif,KNN,0.7535211267605634,0.7522213983183983,0.7504586468980494,0.7511017628205128
6,1001,f_classif,RandomForest,0.7852112676056338,0.7837723394981008,0.7843673168844459,0.7840304182509507
6,1001,f_classif,LogisticRegression,0.772887323943662,0.7731707317073171,0.7683739563443035,0.7696826818803337
6,1001,f_classif,DecisionTree,0.7711267605633803,0.7696157350206547,0.7696157350206547,0.7696157350206547
6,1001,f_classif,SimpleLogistic,0.7623239436619719,0.7612201257861635,0.7591760580079124,0.7599060665362034
6,1001,f_classif,JRIP,0.7095070422535211,0.7632402001668057,0.6890748436856491,0.6790399967123175
7,1001,f_classif,NaiveBayes,0.5809859154929577,0.7522072297184741,0.5750992063492064,0.48805574490646064
7,1001,f_classif,KNN,0.8045774647887324,0.8050565080628116,0.8042658730158729,0.8043585518660226
7,1001,f_classif,RandomForest,0.8204225352112676,0.8218081125580003,0.8199404761904762,0.8200454731820046
7,1001,f_classif,LogisticRegression,0.7799295774647887,0.7812035893019831,0.7794146825396826,0.7794311809751626
7,1001,f_classif,DecisionTree,0.7799295774647887,0.7807148639392241,0.7795138888888888,0.7795681398345209
7,1001,f_classif,SimpleLogistic,0.7887323943661971,0.7888425443169969,0.7885416666666667,0.7886039673973725
7,1001,f_classif,JRIP,0.6901408450704225,0.7585459797785268,0.6864583333333333,0.6655559570168746
8,1001,f_classif,NaiveBayes,0.5246478873239436,0.7086395233366435,0.5523079221231888,0.4333431865208395
8,1001,f_classif,KNN,0.7464788732394366,0.7541052853899362,0.7396305332868596,0.7402439024390245
8,1001,f_classif,RandomForest,0.8063380281690141,0.8074746873138773,0.8084698501219937,0.8062779824137118
8,1001,f_classif,LogisticRegression,0.7676056338028169,0.7681051587301587,0.7691330976447742,0.7674643641371097
8,1001,f_classif,DecisionTree,0.7588028169014085,0.7600682593856656,0.7608549519494099,0.7587422452200172
8,1001,f_classif,SimpleLogistic,0.7447183098591549,0.7442360878570278,0.7451451476373052,0.7442990422080442
8,1001,f_classif,JRIP,0.6443661971830986,0.7260911871003615,0.6619777921625255,0.6234064621161395
9,1001,f_classif,NaiveBayes,0.5915492957746479,0.7246000864677907,0.5773871592432593,0.5027771069789906
9,1001,f_classif,KNN,0.7376760563380281,0.7540847862088751,0.7418814241024877,0.7353720119444054
9,1001,f_classif,RandomForest,0.7799295774647887,0.7797801842573138,0.779346044987338,0.7795024208149715
9,1001,f_classif,LogisticRegression,0.7429577464788732,0.7426470588235294,0.7425145240577983,0.7425715527410442
9,1001,f_classif,DecisionTree,0.7482394366197183,0.7480744584219892,0.7474924276279855,0.7476692710355861
9,1001,f_classif,SimpleLogistic,0.75,0.7498884094628775,0.750186205869209,0.7498883651699331
9,1001,f_classif,JRIP,0.7059859154929577,0.7494571584784817,0.6982347683598987,0.6872566377516873
0,1201,chi2,NaiveBayes,0.546572934973638,0.6537398743281095,0.550182865050535,0.4570931952662721
0,1201,chi2,KNN,0.7539543057996485,0.7554555610724926,0.7542750883435886,0.7537344808824257
0,1201,chi2,RandomForest,0.7961335676625659,0.7961649657762733,0.7961796031334174,0.7961329379787497
0,1201,chi2,LogisticRegression,0.7381370826010545,0.7383618878093401,0.7382558628017891,0.7381241409133732
0,1201,chi2,DecisionTree,0.7609841827768014,0.7612815884476534,0.7611201719919934,0.7609657251587711
0,1201,chi2,SimpleLogistic,0.7469244288224957,0.7469167078596144,0.7468739960955841,0.7468861209964412
0,1201,chi2,JRIP,0.664323374340949,0.7266972662160799,0.6665987100600489,0.6413530236779144
1,1201,chi2,NaiveBayes,0.5571177504393673,0.6924858223062382,0.5503336628769154,0.4522157701711491
1,1201,chi2,KNN,0.7469244288224957,0.7528974552784077,0.7480845279288186,0.7459632413125976
1,1201,chi2,RandomForest,0.789103690685413,0.7905775454319144,0.7884948096885813,0.7885544407283538
1,1201,chi2,LogisticRegression,0.7469244288224957,0.7496363636363637,0.7460269401878399,0.7457298907646475
1,1201,chi2,DecisionTree,0.7662565905096661,0.7664813393100374,0.7659478497281266,0.766022440227927
1,1201,chi2,SimpleLogistic,0.7627416520210897,0.7636496930838241,0.7622095897182402,0.762245229583546
1,1201,chi2,JRIP,0.6748681898066784,0.7406584405172714,0.6706438457736036,0.6477039595444398
2,1201,chi2,NaiveBayes,0.5694200351493849,0.7118070791282727,0.5715671254540512,0.4853264220393486
2,1201,chi2,KNN,0.789103690685413,0.7919695266641689,0.7888383701104549,0.7884758364312267
2,1201,chi2,RandomForest,0.81195079086116,0.8119871478002966,0.8119177642145841,0.8119298787551161
2,1201,chi2,LogisticRegression,0.7609841827768014,0.7622645723218938,0.7611628654031481,0.7607706385714992
2,1201,chi2,DecisionTree,0.7521968365553603,0.7528913544168999,0.752328943141664,0.7520865714718326
2,1201,chi2,SimpleLogistic,0.7768014059753954,0.7773611523611523,0.7769156638414589,0.7767324453672206
2,1201,chi2,JRIP,0.6731107205623902,0.7531531047332403,0.6745842496725889,0.6461726711064752
3,1201,chi2,NaiveBayes,0.546572934973638,0.6994410569105691,0.55335516559565,0.44943744374437444
3,1201,chi2,KNN,0.7662565905096661,0.7671197266785502,0.7666707859614434,0.7662103757526328
3,1201,chi2,RandomForest,0.7820738137082601,0.7833457249070632,0.7825753830944142,0.781992337164751
3,1201,chi2,LogisticRegression,0.7451669595782073,0.7470193740685545,0.7457983193277311,0.7449653019273272
3,1201,chi2,DecisionTree,0.7293497363796133,0.7319217835346867,0.7301161641127039,0.7289805765186194
3,1201,chi2,SimpleLogistic,0.7504393673110721,0.7509833024118738,0.7507661888284726,0.7504200953863642
3,1201,chi2,JRIP,0.6608084358523726,0.7549097967572506,0.6655338606030647,0.6300776447206644
4,1201,chi2,NaiveBayes,0.5307557117750439,0.6343352601156069,0.5431072859474699,0.442862643709775
4,1201,chi2,KNN,0.7205623901581723,0.7208351992834752,0.7195244101498739,0.7196757731527529
4,1201,chi2,RandomForest,0.7855887521968365,0.785984427141268,0.786132957412079,0.7855827917665373
4,1201,chi2,LogisticRegression,0.773286467486819,0.7732153006004596,0.7734517979917891,0.7732164208848147
4,1201,chi2,DecisionTree,0.7416520210896309,0.7419488383588729,0.7421044170747391,0.7416392531158783
4,1201,chi2,SimpleLogistic,0.7662565905096661,0.7662836669137633,0.7665207498639759,0.7662103757526328
4,1201,chi2,JRIP,0.6590509666080844,0.733108574187763,0.6671551169807588,0.6360645144273883
5,1201,chi2,NaiveBayes,0.5325131810193322,0.6283405253993489,0.5419108012559025,0.4440256839754327
5,1201,chi2,KNN,0.7627416520210897,0.7627625401531999,0.762898959183169,0.7627152675882307
5,1201,chi2,RandomForest,0.7926186291739895,0.792540835742704,0.7926710178249153,0.7925667325753831
5,1201,chi2,LogisticRegression,0.7574692442882249,0.7574499629355078,0.7575836238225915,0.7574325326215896
5,1201,chi2,DecisionTree,0.7785588752196837,0.7792517006802722,0.7790860095428811,0.7785527193654402
5,1201,chi2,SimpleLogistic,0.7557117750439367,0.7557455608113128,0.7553029741155529,0.7554095886640627
5,1201,chi2,JRIP,0.6608084358523726,0.7034458701125368,0.6658137407599694,0.6460998050305345
6,1201,chi2,NaiveBayes,0.5827464788732394,0.6831439393939394,0.5482733660314251,0.46439612469413327
6,1201,chi2,KNN,0.7535211267605634,0.7522213983183983,0.7504586468980494,0.7511017628205128
6,1201,chi2,RandomForest,0.7816901408450704,0.7802281368821293,0.780535899259925,0.7803721997704934
6,1201,chi2,LogisticRegression,0.772887323943662,0.7731707317073171,0.7683739563443035,0.7696826818803337
6,1201,chi2,DecisionTree,0.7746478873239436,0.7731614670901052,0.7737341969623224,0.7734089634108334
6,1201,chi2,SimpleLogistic,0.7623239436619719,0.7612201257861635,0.7591760580079124,0.7599060665362034
6,1201,chi2,JRIP,0.6813380281690141,0.7636749978961541,0.6564141924694548,0.6336123792315724
7,1201,chi2,NaiveBayes,0.5809859154929577,0.7522072297184741,0.5750992063492064,0.48805574490646064
7,1201,chi2,KNN,0.8045774647887324,0.8050565080628116,0.8042658730158729,0.8043585518660226
7,1201,chi2,RandomForest,0.8116197183098591,0.8121184617871219,0.8113095238095238,0.8114086941411207
7,1201,chi2,LogisticRegression,0.7799295774647887,0.7812035893019831,0.7794146825396826,0.7794311809751626
7,1201,chi2,DecisionTree,0.772887323943662,0.773445568454714,0.7725198412698413,0.7725764549960737
7,1201,chi2,SimpleLogistic,0.7887323943661971,0.7888425443169969,0.7885416666666667,0.7886039673973725
7,1201,chi2,JRIP,0.6690140845070423,0.7601817042606516,0.664781746031746,0.6338599956111477
8,1201,chi2,NaiveBayes,0.5246478873239436,0.7086395233366435,0.5523079221231888,0.4333431865208395
8,1201,chi2,KNN,0.7464788732394366,0.7541052853899362,0.7396305332868596,0.7402439024390245
8,1201,chi2,RandomForest,0.8080985915492958,0.8094135898231462,0.810349549370114,0.8080503994816195
8,1201,chi2,LogisticRegression,0.7676056338028169,0.7681051587301587,0.7691330976447742,0.7674643641371097
8,1201,chi2,DecisionTree,0.7658450704225352,0.7678569209934524,0.7683737489418911,0.7658269244479989
8,1201,chi2,SimpleLogistic,0.7447183098591549,0.7442360878570278,0.7451451476373052,0.7442990422080442
8,1201,chi2,JRIP,0.6566901408450704,0.7448163222526945,0.6744634765722253,0.636135466936488
9,1201,chi2,NaiveBayes,0.5915492957746479,0.7246000864677907,0.5773871592432593,0.5027771069789906
9,1201,chi2,KNN,0.7376760563380281,0.7540847862088751,0.7418814241024877,0.7353720119444054
9,1201,chi2,RandomForest,0.778169014084507,0.7781705920430215,0.7773970902229506,0.7776286353467561
9,1201,chi2,LogisticRegression,0.7429577464788732,0.7426470588235294,0.7425145240577983,0.7425715527410442
9,1201,chi2,DecisionTree,0.7376760563380281,0.7375614919982564,0.7367917970107751,0.7369904563012961
9,1201,chi2,SimpleLogistic,0.75,0.7498884094628775,0.750186205869209,0.7498883651699331
9,1201,chi2,JRIP,0.6514084507042254,0.7195301027900147,0.6410447390635087,0.6124924196482717
0,1201,f_classif,NaiveBayes,0.546572934973638,0.6537398743281095,0.550182865050535,0.4570931952662721
0,1201,f_classif,KNN,0.7539543057996485,0.7554555610724926,0.7542750883435886,0.7537344808824257
0,1201,f_classif,RandomForest,0.7996485061511424,0.7999728005538796,0.7997874811574863,0.7996330343242641
0,1201,f_classif,LogisticRegression,0.7381370826010545,0.7383618878093401,0.7382558628017891,0.7381241409133732
0,1201,f_classif,DecisionTree,0.7592267135325131,0.7593610973801286,0.759316232979959,0.7592237387917482
0,1201,f_classif,SimpleLogistic,0.7469244288224957,0.7469167078596144,0.7468739960955841,0.7468861209964412
0,1201,f_classif,JRIP,0.6414762741652021,0.7396449096880131,0.6442595201027999,0.6030666958472397
1,1201,f_classif,NaiveBayes,0.5571177504393673,0.6924858223062382,0.5503336628769154,0.4522157701711491
1,1201,f_classif,KNN,0.7469244288224957,0.7528974552784077,0.7480845279288186,0.7459632413125976
1,1201,f_classif,RandomForest,0.7943760984182777,0.7954658415964612,0.7938519525457242,0.7939458656390734
1,1201,f_classif,LogisticRegression,0.7469244288224957,0.7496363636363637,0.7460269401878399,0.7457298907646475
1,1201,f_classif,DecisionTree,0.7574692442882249,0.75761908298673,0.7571861097380128,0.7572525597269624
1,1201,f_classif,SimpleLogistic,0.7627416520210897,0.7636496930838241,0.7622095897182402,0.762245229583546
1,1201,f_classif,JRIP,0.6572934973637962,0.739588185064431,0.652564260998517,0.6210359137250885
2,1201,f_classif,NaiveBayes,0.5694200351493849,0.7118070791282727,0.5715671254540512,0.4853264220393486
2,1201,f_classif,KNN,0.789103690685413,0.7919695266641689,0.7888383701104549,0.7884758364312267
2,1201,f_classif,RandomForest,0.8066783831282952,0.8067968363816115,0.8067286070819639,0.8066730089698286
2,1201,f_classif,LogisticRegression,0.7609841827768014,0.7622645723218938,0.7611628654031481,0.7607706385714992
2,1201,f_classif,DecisionTree,0.7521968365553603,0.7527163152163152,0.7523104104376188,0.7521202739903787
2,1201,f_classif,SimpleLogistic,0.7768014059753954,0.7773611523611523,0.7769156638414589,0.7767324453672206
2,1201,f_classif,JRIP,0.6889279437609842,0.73420563877725,0.6900775902542687,0.6739381695626414
3,1201,f_classif,NaiveBayes,0.546572934973638,0.6994410569105691,0.55335516559565,0.44943744374437444
3,1201,f_classif,KNN,0.7662565905096661,0.7671197266785502,0.7666707859614434,0.7662103757526328
3,1201,f_classif,RandomForest,0.7662565905096661,0.7673541434411,0.7667263964409292,0.7661843719200027
3,1201,f_classif,LogisticRegression,0.7451669595782073,0.7470193740685545,0.7457983193277311,0.7449653019273272
3,1201,f_classif,DecisionTree,0.7293497363796133,0.7309769116186693,0.7299493326742461,0.7291615152564166
3,1201,f_classif,SimpleLogistic,0.7504393673110721,0.7509833024118738,0.7507661888284726,0.7504200953863642
3,1201,f_classif,JRIP,0.6608084358523726,0.7221278721278721,0.6648665348492337,0.6389510818283737
4,1201,f_classif,NaiveBayes,0.5307557117750439,0.6343352601156069,0.5431072859474699,0.442862643709775
4,1201,f_classif,KNN,0.7205623901581723,0.7208351992834752,0.7195244101498739,0.7196757731527529
4,1201,f_classif,RandomForest,0.7838312829525483,0.7843209968107987,0.7844264727704408,0.7838286121998908
4,1201,f_classif,LogisticRegression,0.773286467486819,0.7732153006004596,0.7734517979917891,0.7732164208848147
4,1201,f_classif,DecisionTree,0.7486818980667839,0.7493507938863333,0.7493507938863333,0.7486818980667839
4,1201,f_classif,SimpleLogistic,0.7662565905096661,0.7662836669137633,0.7665207498639759,0.7662103757526328
4,1201,f_classif,JRIP,0.6818980667838312,0.7433492442322991,0.6891291981995351,0.6654952336099518
5,1201,f_classif,NaiveBayes,0.5325131810193322,0.6283405253993489,0.5419108012559025,0.4440256839754327
5,1201,f_classif,KNN,0.7627416520210897,0.7627625401531999,0.762898959183169,0.7627152675882307
5,1201,f_classif,RandomForest,0.789103690685413,0.7890256258185682,0.7891542436154169,0.7890509144834404
5,1201,f_classif,LogisticRegression,0.7574692442882249,0.7574499629355078,0.7575836238225915,0.7574325326215896
5,1201,f_classif,DecisionTree,0.7873462214411248,0.7884048821548821,0.787998467205617,0.7873225731716735
5,1201,f_classif,SimpleLogistic,0.7557117750439367,0.7557455608113128,0.7553029741155529,0.7554095886640627
5,1201,f_classif,JRIP,0.664323374340949,0.7446322278911565,0.6706964325446859,0.6392530065292221
6,1201,f_classif,NaiveBayes,0.5827464788732394,0.6831439393939394,0.5482733660314251,0.46439612469413327
6,1201,f_classif,KNN,0.7535211267605634,0.7522213983183983,0.7504586468980494,0.7511017628205128
6,1201,f_classif,RandomForest,0.7816901408450704,0.7802281368821293,0.780535899259925,0.7803721997704934
6,1201,f_classif,LogisticRegression,0.772887323943662,0.7731707317073171,0.7683739563443035,0.7696826818803337
6,1201,f_classif,DecisionTree,0.7570422535211268,0.755533987830826,0.7562993747425961,0.7558313397129187
6,1201,f_classif,SimpleLogistic,0.7623239436619719,0.7612201257861635,0.7591760580079124,0.7599060665362034
6,1201,f_classif,JRIP,0.6672535211267606,0.75,0.641375566288517,0.613984746658612
7,1201,f_classif,NaiveBayes,0.5809859154929577,0.7522072297184741,0.5750992063492064,0.48805574490646064
7,1201,f_classif,KNN,0.8045774647887324,0.8050565080628116,0.8042658730158729,0.8043585518660226
7,1201,f_classif,RandomForest,0.8204225352112676,0.8210447761194031,0.8200892857142856,0.8201996126917921
7,1201,f_classif,LogisticRegression,0.7799295774647887,0.7812035893019831,0.7794146825396826,0.7794311809751626
7,1201,f_classif,DecisionTree,0.7816901408450704,0.7831168831168831,0.7811507936507937,0.7811583395476014
7,1201,f_classif,SimpleLogistic,0.7887323943661971,0.7888425443169969,0.7885416666666667,0.7886039673973725
7,1201,f_classif,JRIP,0.6672535211267606,0.7663044580047438,0.6628968253968254,0.6296457291893067
8,1201,f_classif,NaiveBayes,0.5246478873239436,0.7086395233366435,0.5523079221231888,0.4333431865208395
8,1201,f_classif,KNN,0.7464788732394366,0.7541052853899362,0.7396305332868596,0.7402439024390245
8,1201,f_classif,RandomForest,0.8063380281690141,0.8065764023210832,0.8077976397948514,0.8061842366487989
8,1201,f_classif,LogisticRegression,0.7676056338028169,0.7681051587301587,0.7691330976447742,0.7674643641371097
8,1201,f_classif,DecisionTree,0.7623239436619719,0.7639473520829454,0.7646143504456505,0.7622878400372006
8,1201,f_classif,SimpleLogistic,0.7447183098591549,0.7442360878570278,0.7451451476373052,0.7442990422080442
8,1201,f_classif,JRIP,0.676056338028169,0.755868544600939,0.6926753971020265,0.6598448159141801
9,1201,f_classif,NaiveBayes,0.5915492957746479,0.7246000864677907,0.5773871592432593,0.5027771069789906
9,1201,f_classif,KNN,0.7376760563380281,0.7540847862088751,0.7418814241024877,0.7353720119444054
9,1201,f_classif,RandomForest,0.7869718309859155,0.7869461346074882,0.7862729033219127,0.7864893831839576
9,1201,f_classif,LogisticRegression,0.7429577464788732,0.7426470588235294,0.7425145240577983,0.7425715527410442
9,1201,f_classif,DecisionTree,0.7482394366197183,0.7480744584219892,0.7474924276279855,0.7476692710355861
9,1201,f_classif,SimpleLogistic,0.75,0.7498884094628775,0.750186205869209,0.7498883651699331
9,1201,f_classif,JRIP,0.704225352112676,0.7677696078431373,0.6952927156263966,0.6794194718806692
